Any,GRUP,Nivell,Sou,Complement Destinacio,Complement Especific,Total Mensual,Total anual,Import sou paga extraordinaria,Import mensual trienni,Import trienni paga extra,Secretari alt carrec
2024,A1,20,1300.88,515.77,568.57,2385.22,32396.84,802.76,50.07,30.91,
2024,A1,20,1300.88,515.77,641.35,2458,33415.76,802.76,50.07,30.91,
2024,A1,21,1300.88,555.25,653.24,2509.37,34134.94,802.76,50.07,30.91,
2024,A1,22,1300.88,598.04,689.61,2588.53,35243.18,802.76,50.07,30.91,
2024,A1,22,1300.88,598.04,856.21,2755.13,37575.58,802.76,50.07,30.91,
2024,A1,22,1300.88,598.04,970.71,2869.63,39178.58,802.76,50.07,30.91,
2024,A1,23,1300.88,640.94,1063.2,3005.02,41074.04,802.76,50.07,30.91,
2024,A1,24,1300.88,683.75,1228.54,3213.17,43988.14,802.76,50.07,30.91,
2024,A1,24,1300.88,683.75,1332.66,3317.29,45445.82,802.76,50.07,30.91,
2024,A1,24,1300.88,683.75,1871.02,3855.65,52982.86,802.76,50.07,30.91,
2024,A1,24,1300.88,683.75,2061.55,4046.18,55650.28,802.76,50.07,30.91,
2024,A1,25,1300.88,726.62,2174.81,4202.31,57836.1,802.76,50.07,30.91,
2024,A1,26,1300.88,819,2255.45,4375.33,60258.38,802.76,50.07,30.91,
2024,A1,27,1300.88,933.5,2413.71,4648.09,64077.02,802.76,50.07,30.91,
2024,A1,27,1300.88,933.5,2540.49,4774.87,65851.94,802.76,50.07,30.91,
2024,A1,27,1300.88,933.5,2682.1,4916.48,67834.48,802.76,50.07,30.91,
2024,A1,28,1300.88,976.4,2862.35,5139.63,70958.58,802.76,50.07,30.91,
2024,A1,29,1300.88,1019.23,2975.29,5295.4,73139.36,802.76,50.07,30.91,
2024,A1,30,1300.88,1136.33,3014.29,5451.5,75324.76,802.76,50.07,30.91,
2024,A1,30,1300.88,1136.33,3170.49,5607.7,77511.56,802.76,50.07,30.91,
2024,A2,16,1124.85,410.48,541.65,2076.98,28468.76,820.37,40.83,29.77,
2024,A2,17,1124.85,436.76,543.63,2105.24,28864.4,820.37,40.83,29.77,
2024,A2,18,1124.85,463.11,545.65,2133.61,29261.58,820.37,40.83,29.77,
2024,A2,19,1124.85,489.45,571.36,2185.66,29990.28,820.37,40.83,29.77,
2024,A2,20,1124.85,515.77,582.59,2223.21,30515.98,820.37,40.83,29.77,
2024,A2,20,1124.85,515.77,641.35,2281.97,31338.62,820.37,40.83,29.77,
2024,A2,21,1124.85,555.25,653.24,2333.34,32057.8,820.37,40.83,29.77,
2024,A2,22,1124.85,598.04,689.61,2412.5,33166.04,820.37,40.83,29.77,
2024,A2,22,1124.85,598.04,760.58,2483.47,34159.62,820.37,40.83,29.77,
2024,A2,23,1124.85,640.94,873.82,2639.61,36345.58,820.37,40.83,29.77,
2024,A2,24,1124.85,683.75,935.05,2743.65,37802.14,820.37,40.83,29.77,
2024,A2,24,1124.85,683.75,1059.16,2867.76,39539.68,820.37,40.83,29.77,
2024,A2,24,1124.85,683.75,1564.21,3372.81,46610.38,820.37,40.83,29.77,
2024,A2,24,1124.85,683.75,1768.1,3576.7,49464.84,820.37,40.83,29.77,
2024,A2,25,1124.85,726.62,1881.32,3732.79,51650.1,820.37,40.83,29.77,
2024,A2,26,1124.85,819,1949.5,3893.35,53897.94,820.37,40.83,29.77,
2024,A2,26,1124.85,819,2053.62,3997.47,55355.62,820.37,40.83,29.77,
2024,C1,12,844.57,305.09,507.68,1657.34,22973.54,729.96,30.91,26.68,
2024,C1,13,844.57,331.44,509.68,1685.69,23370.44,729.96,30.91,26.68,
2024,C1,14,844.57,357.81,511.71,1714.09,23768.04,729.96,30.91,26.68,
2024,C1,15,844.57,384.1,513.65,1742.32,24163.26,729.96,30.91,26.68,
2024,C1,16,844.57,410.48,515.67,1770.72,24560.86,729.96,30.91,26.68,
2024,C1,16,844.57,410.48,544.59,1799.64,24965.74,729.96,30.91,26.68,
2024,C1,17,844.57,436.76,554.7,1836.03,25475.2,729.96,30.91,26.68,
2024,C1,18,844.57,463.11,580.36,1888.04,26203.34,729.96,30.91,26.68,
2024,C1,18,844.57,463.11,908.37,2216.05,30795.48,729.96,30.91,26.68,Sí
2024,C1,19,844.57,489.45,590.48,1924.5,26713.78,729.96,30.91,26.68,
2024,C1,20,844.57,515.77,600.55,1960.89,27223.24,729.96,30.91,26.68,
2024,C1,21,844.57,555.25,607.87,2007.69,27878.44,729.96,30.91,26.68,
2024,C1,22,844.57,598.04,689.61,2132.22,29621.86,729.96,30.91,26.68,
2024,C2,10,702.92,252.44,489.08,1444.44,20209.34,696.51,21.04,20.82,
2024,C2,11,702.92,278.74,491.05,1472.71,20605.12,696.51,21.04,20.82,
2024,C2,12,702.92,305.09,493.05,1501.06,21002.02,696.51,21.04,20.82,
2024,C2,13,702.92,331.44,495.04,1529.4,21398.78,696.51,21.04,20.82,
2024,C2,14,702.92,357.81,552.57,1613.3,22573.38,696.51,21.04,20.82,
2024,C2,15,702.92,384.1,555.82,1642.84,22986.94,696.51,21.04,20.82,
2024,C2,16,702.92,410.48,561.24,1674.64,23432.14,696.51,21.04,20.82,
2024,C2,17,702.92,436.76,565.33,1705.01,23857.32,696.51,21.04,20.82,
2024,C2,18,702.92,463.11,569.81,1735.84,24288.94,696.51,21.04,20.82,
2024,C2,18,702.92,463.11,908.37,2074.4,29028.78,696.51,21.04,20.82,Sí
2024,AP,8,643.36,226.09,481.18,1350.63,18908.82,643.36,15.84,15.84,
2024,AP,9,643.36,239.29,482.14,1364.79,19107.06,643.36,15.84,15.84,
2024,AP,10,643.36,252.44,483.18,1378.98,19305.72,643.36,15.84,15.84,
2024,AP,11,643.36,278.74,485.14,1407.24,19701.36,643.36,15.84,15.84,
2024,AP,12,643.36,305.09,487.14,1435.59,20098.26,643.36,15.84,15.84,
2024,AP,13,643.36,331.44,489.16,1463.96,20495.44,643.36,15.84,15.84,
2023,AP,14,643.36,357.81,520.65,1521.82,21305.48,798.88,49.83,30.76,
2023,A1,30,1294.6,1130.84,3155.17,5580.61,77137.1,798.88,49.83,30.76,
2023,A1,29,1294.6,1014.3,2960.91,5269.81,72785.9,798.88,49.83,30.76,
2023,A1,28,1294.6,971.68,2848.52,5114.8,70615.76,798.88,49.83,30.76,
2023,A1,27,1294.6,928.99,2402.05,4625.64,63767.52,798.88,49.83,30.76,
2023,A1,27,1294.6,928.99,2528.21,4751.8,65533.76,798.88,49.83,30.76,
2023,A1,27,1294.6,928.99,2669.14,4892.73,67506.78,798.88,49.83,30.76,
2023,A1,26,1294.6,815.04,2244.55,4354.19,59967.22,798.88,49.83,30.76,
2023,A1,25,1294.6,723.11,2164.3,4182.01,57556.7,798.88,49.83,30.76,
2023,A1,24,1294.6,680.45,1222.6,3197.65,43775.66,798.88,49.83,30.76,
2023,A1,24,1294.6,680.45,1326.22,3301.27,45226.34,798.88,49.83,30.76,
2023,A1,24,1294.6,680.45,1861.98,3837.03,52726.98,798.88,49.83,30.76,
2023,A1,24,1294.6,680.45,2051.59,4026.64,55381.52,798.88,49.83,30.76,
2023,A1,23,1294.6,637.85,1058.06,2990.51,40875.7,798.88,49.83,30.76,
2023,A1,22,1294.6,595.15,686.27,2576.02,35072.84,798.88,49.83,30.76,
2023,A1,22,1294.6,595.15,852.07,2741.82,37394.04,798.88,49.83,30.76,
2023,A1,22,1294.6,595.15,966.02,2855.77,38989.34,798.88,49.83,30.76,
2023,A1,21,1294.6,552.56,650.08,2497.24,33969.92,798.88,49.83,30.76,
2023,A1,20,1294.6,513.28,565.82,2373.7,32240.36,798.88,49.83,30.76,
2023,A1,20,1294.6,513.28,638.25,2446.13,33254.38,798.88,49.83,30.76,
2023,A2,26,1119.41,815.04,1940.08,3874.53,53637.42,816.41,40.63,29.62,
2023,A2,26,1119.41,815.04,2043.69,3978.14,55087.96,816.41,40.63,29.62,
2023,A2,25,1119.41,723.11,1872.23,3714.75,51400.5,816.41,40.63,29.62,
2023,A2,24,1119.41,680.45,930.53,2730.39,37619.46,816.41,40.63,29.62,
2023,A2,24,1119.41,680.45,1054.04,2853.9,39348.6,816.41,40.63,29.62,
2023,A2,24,1119.41,680.45,1556.65,3356.51,46385.14,816.41,40.63,29.62,
2023,A2,24,1119.41,680.45,1759.55,3559.41,49225.74,816.41,40.63,29.62,
2023,A2,23,1119.41,637.85,869.59,2626.85,36169.9,816.41,40.63,29.62,
2023,A2,22,1119.41,595.15,686.27,2400.83,33005.62,816.41,40.63,29.62,
2023,A2,22,1119.41,595.15,756.9,2471.46,33994.44,816.41,40.63,29.62,
2023,A2,21,1119.41,552.56,650.08,2322.05,31902.7,816.41,40.63,29.62,
2023,A2,20,1119.41,513.28,579.77,2212.46,30368.44,816.41,40.63,29.62,
2023,A2,20,1119.41,513.28,638.25,2270.94,31187.16,816.41,40.63,29.62,
2023,A2,19,1119.41,487.09,568.6,2175.1,29845.4,816.41,40.63,29.62,
2023,A2,18,1119.41,460.87,543.01,2123.29,29120.06,816.41,40.63,29.62,
2023,A2,17,1119.41,434.65,541,2095.06,28724.84,816.41,40.63,29.62,
2023,A2,16,1119.41,408.5,539.03,2066.94,28331.16,816.41,40.63,29.62,
2023,AP,14,640.25,356.08,518.13,1514.46,21202.44,640.25,15.76,15.76,
2023,AP,13,640.25,329.84,486.79,1456.88,20396.32,640.25,15.76,15.76,
2023,AP,12,640.25,303.61,484.78,1428.64,20000.96,640.25,15.76,15.76,
2023,AP,11,640.25,277.39,482.79,1400.43,19606.02,640.25,15.76,15.76,
2023,AP,10,640.25,251.22,480.84,1372.31,19212.34,640.25,15.76,15.76,
2023,AP,9,640.25,238.14,479.81,1358.2,19014.8,640.25,15.76,15.76,
2023,AP,8,640.25,224.99,478.85,1344.09,18817.26,640.25,15.76,15.76,
2023,C1,22,840.49,595.15,686.27,2121.91,29478.64,726.44,30.76,26.55,
2023,C1,21,840.49,552.56,604.93,1997.98,27743.62,726.44,30.76,26.55,
2023,C1,20,840.49,513.28,597.64,1951.41,27091.64,726.44,30.76,26.55,
2023,C1,19,840.49,487.09,587.62,1915.2,26584.7,726.44,30.76,26.55,
2023,C1,18,840.49,460.87,577.55,1878.91,26076.64,726.44,30.76,26.55,
2023,C1,18,840.49,460.87,903.98,2205.34,30646.66,726.44,30.76,26.55,Sí
2023,C1,17,840.49,434.65,552.02,1827.16,25352.14,726.44,30.76,26.55,
2023,C1,16,840.49,408.5,513.17,1762.16,24442.14,726.44,30.76,26.55,
2023,C1,16,840.49,408.5,541.95,1790.94,24845.06,726.44,30.76,26.55,
2023,C1,15,840.49,382.24,511.16,1733.89,24046.36,726.44,30.76,26.55,
2023,C1,14,840.49,356.08,509.23,1705.8,23653.1,726.44,30.76,26.55,
2023,C1,13,840.49,329.84,507.21,1677.54,23257.46,726.44,30.76,26.55,
2023,C1,12,840.49,303.61,505.22,1649.32,22862.38,726.44,30.76,26.55,
2023,C2,18,699.52,460.87,567.05,1727.44,24171.42,693.15,20.94,20.72,
2023,C2,18,699.52,460.87,903.98,2064.37,28888.44,693.15,20.94,20.72,Sí
2023,C2,17,696.13,432.54,559.85,1688.52,23626.58,693.15,20.94,20.72,
2023,C2,16,699.52,408.5,558.52,1666.54,23318.82,693.15,20.94,20.72,
2023,C2,15,699.52,382.24,553.13,1634.89,22875.72,693.15,20.94,20.72,
2023,C2,14,699.52,356.08,549.9,1605.5,22464.26,693.15,20.94,20.72,
2023,C2,13,699.52,329.84,492.64,1522,21295.26,693.15,20.94,20.72,
2023,C2,12,699.52,303.61,490.66,1493.79,20900.32,693.15,20.94,20.72,
2023,C2,11,699.52,277.39,488.67,1465.58,20505.38,693.15,20.94,20.72,
2023,C2,10,699.52,251.22,486.71,1437.45,20111.56,693.15,20.94,20.72,
2022,A1,30,1256.89,1097.9,2912.34,5267.13,72777.26,775.61,48.38,29.86,
2022,A1,30,1256.89,1097.9,3063.26,5418.05,74890.14,775.61,48.38,29.86,
2022,A1,29,1256.89,984.76,2874.66,5116.31,70665.78,775.61,48.38,29.86,
2022,A1,28,1256.89,943.38,2765.55,4965.82,68558.92,775.61,48.38,29.86,
2022,A1,27,1256.89,901.93,2332.07,4490.89,61909.9,775.61,48.38,29.86,
2022,A1,27,1256.89,901.93,2454.56,4613.38,63624.76,775.61,48.38,29.86,
2022,A1,27,1256.89,901.93,2591.39,4750.21,65540.38,775.61,48.38,29.86,
2022,A1,26,1256.89,791.3,2179.17,4227.36,58220.48,775.61,48.38,29.86,
2022,A1,25,1256.89,702.05,2101.25,4060.19,55880.1,775.61,48.38,29.86,
2022,A1,24,1256.89,660.63,1186.98,3104.5,42500.44,775.61,48.38,29.86,
2022,A1,24,1256.89,660.63,1287.59,3205.11,43908.98,775.61,48.38,29.86,
2022,A1,24,1256.89,660.63,1807.74,3725.26,51191.08,775.61,48.38,29.86,
2022,A1,24,1256.89,660.63,1991.83,3909.35,53768.34,775.61,48.38,29.86,
2022,A1,23,1256.89,619.27,1027.23,2903.39,39684.9,775.61,48.38,29.86,
2022,A1,22,1256.89,577.82,666.27,2500.98,34051.16,775.61,48.38,29.86,
2022,A1,22,1256.89,577.82,827.24,2661.95,36304.74,775.61,48.38,29.86,
2022,A1,22,1256.89,577.82,937.88,2772.59,37853.7,775.61,48.38,29.86,
2022,A1,21,1256.89,536.47,631.14,2424.5,32980.44,775.61,48.38,29.86,
2022,A1,20,1256.89,498.33,549.33,2304.55,31301.14,775.61,48.38,29.86,
2022,A1,20,1256.89,498.33,619.65,2374.87,32285.62,775.61,48.38,29.86,
2022,A2,26,1086.81,791.3,1883.57,3761.68,52075.16,792.63,39.45,28.76,
2022,A2,26,1086.81,791.3,1984.15,3862.26,53483.28,792.63,39.45,28.76,
2022,A2,25,1086.81,702.05,1817.69,3606.55,49903.34,792.63,39.45,28.76,
2022,A2,24,1086.81,660.63,903.42,2650.86,36523.68,792.63,39.45,28.76,
2022,A2,24,1086.81,660.63,1023.33,2770.77,38202.42,792.63,39.45,28.76,
2022,A2,24,1086.81,660.63,1511.3,3258.74,45034,792.63,39.45,28.76,
2022,A2,24,1086.81,660.63,1708.29,3455.73,47791.86,792.63,39.45,28.76,
2022,A2,23,1086.81,619.27,844.25,2550.33,35116.26,792.63,39.45,28.76,
2022,A2,22,1086.81,577.82,666.27,2330.9,32044.24,792.63,39.45,28.76,
2022,A2,22,1086.81,577.82,734.84,2399.47,33004.22,792.63,39.45,28.76,
2022,A2,21,1086.81,536.47,631.14,2254.42,30973.52,792.63,39.45,28.76,
2022,A2,20,1086.81,498.33,562.87,2148.01,29483.78,792.63,39.45,28.76,
2022,A2,20,1086.81,498.33,619.65,2204.79,30278.7,792.63,39.45,28.76,
2022,A2,19,1086.81,472.9,552.02,2111.73,28975.86,792.63,39.45,28.76,
2022,A2,18,1086.81,447.45,527.19,2061.45,28271.94,792.63,39.45,28.76,
2022,A2,17,1086.81,421.99,525.23,2034.03,27888.06,792.63,39.45,28.76,
2022,A2,16,1086.81,396.6,523.32,2006.73,27505.86,792.63,39.45,28.76,
2022,AP,14,621.6,345.71,503.03,1470.34,20584.76,621.6,15.3,15.3,
2022,AP,13,621.6,320.23,472.6,1414.43,19802.02,621.6,15.3,15.3,
2022,AP,12,621.6,294.77,470.65,1387.02,19418.28,621.6,15.3,15.3,
2022,AP,11,621.6,269.31,468.72,1359.63,19034.82,621.6,15.3,15.3,
2022,AP,10,621.6,243.9,466.82,1332.32,18652.48,621.6,15.3,15.3,
2022,AP,9,621.6,231.2,465.83,1318.63,18460.82,621.6,15.3,15.3,
2022,AP,8,621.6,218.44,464.89,1304.93,18269.02,621.6,15.3,15.3,
2022,C1,22,816.01,577.82,666.27,2060.1,28619.94,705.28,29.86,25.78,
2022,C1,21,816.01,536.47,587.3,1939.78,26935.46,705.28,29.86,25.78,
2022,C1,20,816.01,498.33,580.22,1894.56,26302.38,705.28,29.86,25.78,
2022,C1,19,816.01,472.9,570.49,1859.4,25810.14,705.28,29.86,25.78,
2022,C1,18,816.01,447.45,560.72,1824.18,25317.06,705.28,29.86,25.78,
2022,C1,18,816.01,447.45,877.64,2141.1,29753.94,705.28,29.86,25.78,Sí
2022,C1,17,816.01,421.99,535.94,1773.94,24613.7,705.28,29.86,25.78,
2022,C1,16,816.01,396.6,498.21,1710.82,23730.02,705.28,29.86,25.78,
2022,C1,16,816.01,396.6,526.15,1738.76,24121.18,705.28,29.86,25.78,
2022,C1,16,816.01,396.6,672.56,1885.17,26170.92,705.28,29.86,25.78,Sí
2022,C1,15,816.01,371.11,496.26,1683.38,23345.86,705.28,29.86,25.78,
2022,C1,14,816.01,345.71,494.39,1656.11,22964.08,705.28,29.86,25.78,
2022,C1,13,816.01,320.23,492.42,1628.66,22579.78,705.28,29.86,25.78,
2022,C1,12,816.01,294.77,490.49,1601.27,22196.32,705.28,29.86,25.78,
2022,C2,18,679.15,447.45,550.52,1677.12,23467.3,672.96,20.33,20.12,
2022,C2,18,679.15,447.45,877.64,2004.24,28046.98,672.96,20.33,20.12,Sí
2022,C2,17,679.15,421.99,546.19,1647.33,23050.24,672.96,20.33,20.12,
2022,C2,16,679.15,396.6,542.24,1617.99,22639.48,672.96,20.33,20.12,
2022,C2,16,679.15,396.6,672.56,1748.31,24463.96,672.96,20.33,20.12,Sí
2022,C2,15,679.15,371.11,537.01,1587.27,22209.4,672.96,20.33,20.12,
2022,C2,14,679.15,345.71,533.88,1558.74,21809.98,672.96,20.33,20.12,
2022,C2,13,679.15,320.23,478.28,1477.66,20674.86,672.96,20.33,20.12,
2022,C2,12,679.15,294.77,476.36,1450.28,20291.54,672.96,20.33,20.12,
2022,C2,11,679.15,269.31,474.42,1422.88,19907.94,672.96,20.33,20.12,
2022,C2,10,679.15,243.9,472.52,1395.57,19525.6,672.96,20.33,20.12,
2021,A1,30,1214.39,1060.77,2813.86,5089.02,70316.26,749.38,46.74,28.85,
2021,A1,30,1214.39,1060.77,2959.68,5234.84,72357.74,749.38,46.74,28.85,
2021,A1,29,1214.39,951.46,2777.46,4943.31,68276.32,749.38,46.74,28.85,
2021,A1,28,1214.39,911.48,2672.03,4797.9,66240.58,749.38,46.74,28.85,
2021,A1,27,1214.39,871.43,2253.21,4339.03,59816.4,749.38,46.74,28.85,
2021,A1,27,1214.39,871.43,2371.56,4457.38,61473.3,749.38,46.74,28.85,
2021,A1,27,1214.39,871.43,2503.76,4589.58,63324.1,749.38,46.74,28.85,
2021,A1,26,1214.39,764.54,2105.49,4084.42,56251.86,749.38,46.74,28.85,
2021,A1,25,1214.39,678.31,2030.19,3922.89,53990.44,749.38,46.74,28.85,
2021,A1,24,1214.39,638.29,1146.84,2999.52,41063.26,749.38,46.74,28.85,
2021,A1,24,1214.39,638.29,1244.04,3096.72,42424.06,749.38,46.74,28.85,
2021,A1,24,1214.39,638.29,1746.61,3599.29,49460.04,749.38,46.74,28.85,
2021,A1,24,1214.39,638.29,1924.48,3777.16,51950.22,749.38,46.74,28.85,
2021,A1,23,1214.39,598.33,992.49,2805.21,38342.92,749.38,46.74,28.85,
2021,A1,22,1214.39,558.28,643.73,2416.4,32899.58,749.38,46.74,28.85,
2021,A1,22,1214.39,558.28,799.26,2571.93,35077,749.38,46.74,28.85,
2021,A1,22,1214.39,558.28,906.16,2678.83,36573.6,749.38,46.74,28.85,
2021,A1,21,1214.39,518.33,609.79,2342.51,31865.12,749.38,46.74,28.85,
2021,A1,20,1214.39,481.48,530.75,2226.62,30242.66,749.38,46.74,28.85,
2021,A1,20,1214.39,481.48,598.69,2294.56,31193.82,749.38,46.74,28.85,
2021,A2,26,1050.06,764.54,1819.88,3634.48,50314.26,765.83,38.12,27.79,
2021,A2,26,1050.06,764.54,1917.05,3731.65,51674.64,765.83,38.12,27.79,
2021,A2,25,1050.06,678.31,1756.22,3484.59,48215.8,765.83,38.12,27.79,
2021,A2,24,1050.06,638.29,872.87,2561.22,35288.62,765.83,38.12,27.79,
2021,A2,24,1050.06,638.29,988.72,2677.07,36910.52,765.83,38.12,27.79,
2021,A2,24,1050.06,638.29,1460.19,3148.54,43511.1,765.83,38.12,27.79,
2021,A2,24,1050.06,638.29,1650.52,3338.87,46175.72,765.83,38.12,27.79,
2021,A2,23,1050.06,598.33,815.69,2464.08,33928.66,765.83,38.12,27.79,
2021,A2,22,1050.06,558.28,643.73,2252.07,30960.52,765.83,38.12,27.79,
2021,A2,22,1050.06,558.28,709.99,2318.33,31888.16,765.83,38.12,27.79,
2021,A2,21,1050.06,518.33,609.79,2178.18,29926.06,765.83,38.12,27.79,
2021,A2,20,1050.06,481.48,543.83,2075.37,28486.72,765.83,38.12,27.79,
2021,A2,20,1050.06,481.48,598.69,2130.23,29254.76,765.83,38.12,27.79,
2021,A2,19,1050.06,456.91,533.35,2040.32,27996.02,765.83,38.12,27.79,
2021,A2,18,1050.06,432.32,509.36,1991.74,27315.9,765.83,38.12,27.79,
2021,A2,17,1050.06,407.72,507.47,1965.25,26945.04,765.83,38.12,27.79,
2021,A2,16,1050.06,383.19,505.61,1938.86,26575.58,765.83,38.12,27.79,
2021,AP,14,600.58,334.02,486.01,1420.61,19888.54,600.58,14.78,14.78,
2021,AP,13,600.58,309.4,456.61,1366.59,19132.26,600.58,14.78,14.78,
2021,AP,12,600.58,284.8,454.73,1340.11,18761.54,600.58,14.78,14.78,
2021,AP,11,600.58,260.2,452.86,1313.64,18390.96,600.58,14.78,14.78,
2021,AP,10,600.58,235.65,451.02,1287.25,18021.5,600.58,14.78,14.78,
2021,AP,9,600.58,223.38,450.07,1274.03,17836.42,600.58,14.78,14.78,
2021,AP,8,600.58,211.05,449.16,1260.79,17651.06,600.58,14.78,14.78,
2021,C1,22,788.42,558.28,643.73,1990.43,27652.04,681.43,28.85,24.91,
2021,C1,21,788.42,518.33,567.44,1874.19,26024.68,681.43,28.85,24.91,
2021,C1,20,788.42,481.48,560.59,1830.49,25412.88,681.43,28.85,24.91,
2021,C1,19,788.42,456.91,551.19,1796.52,24937.3,681.43,28.85,24.91,
2021,C1,18,788.42,432.32,847.96,2068.7,28747.82,681.43,28.85,24.91,Sí
2021,C1,18,788.42,432.32,541.75,1762.49,24460.88,681.43,28.85,24.91,
2021,C1,17,788.42,407.72,517.81,1713.95,23781.32,681.43,28.85,24.91,
2021,C1,16,788.42,383.19,649.81,1821.42,25285.9,681.43,28.85,24.91,Sí
2021,C1,16,788.42,383.19,481.36,1652.97,22927.6,681.43,28.85,24.91,
2021,C1,16,788.42,383.19,508.35,1679.96,23305.46,681.43,28.85,24.91,
2021,C1,15,788.42,358.56,479.48,1626.46,22556.46,681.43,28.85,24.91,
2021,C1,14,788.42,334.02,477.66,1600.1,22187.42,681.43,28.85,24.91,
2021,C1,13,788.42,309.4,475.76,1573.58,21816.14,681.43,28.85,24.91,
2021,C1,12,788.42,284.8,473.9,1547.12,21445.7,681.43,28.85,24.91,
2021,C2,18,656.18,432.32,847.96,1936.46,27098.48,650.2,19.64,19.44,Sí
2021,C2,18,656.18,432.32,531.9,1620.4,22673.64,650.2,19.64,19.44,
2021,C2,17,656.18,407.72,527.71,1591.61,22270.58,650.2,19.64,19.44,
2021,C2,16,656.18,383.19,649.81,1689.18,23636.56,650.2,19.64,19.44,Sí
2021,C2,16,656.18,383.19,523.9,1563.27,21873.82,650.2,19.64,19.44,
2021,C2,15,656.18,358.56,518.85,1533.59,21458.3,650.2,19.64,19.44,
2021,C2,14,656.18,334.02,515.82,1506.02,21072.32,650.2,19.64,19.44,
2021,C2,13,656.18,309.4,462.1,1427.68,19975.56,650.2,19.64,19.44,
2021,C2,12,656.18,284.8,460.24,1401.22,19605.12,650.2,19.64,19.44,
2021,C2,11,656.18,260.2,458.37,1374.75,19234.54,650.2,19.64,19.44,
2021,C2,10,656.18,235.65,456.53,1348.36,18865.08,650.2,19.64,19.44,
2020,A1,30,1203.56,1051.31,2788.76,5043.63,69689.1,742.7,46.32,28.59,
2020,A1,30,1203.56,1051.31,2933.28,5188.15,71712.38,742.7,46.32,28.59,
2020,A1,29,1203.56,942.97,2752.68,4899.21,67667.22,742.7,46.32,28.59,
2020,A1,28,1203.56,903.35,2648.19,4755.1,65649.68,742.7,46.32,28.59,
2020,A1,27,1203.56,863.66,2233.11,4300.33,59282.9,742.7,46.32,28.59,
2020,A1,27,1203.56,863.66,2350.4,4417.62,60924.96,742.7,46.32,28.59,
2020,A1,27,1203.56,863.66,2481.42,4548.64,62759.24,742.7,46.32,28.59,
2020,A1,26,1203.56,757.72,2086.7,4047.98,55750,742.7,46.32,28.59,
2020,A1,25,1203.56,672.26,2012.08,3887.9,53508.88,742.7,46.32,28.59,
2020,A1,24,1203.56,632.6,1136.61,2972.77,40697.06,742.7,46.32,28.59,
2020,A1,24,1203.56,632.6,1232.94,3069.1,42045.68,742.7,46.32,28.59,
2020,A1,24,1203.56,632.6,1731.03,3567.19,49018.94,742.7,46.32,28.59,
2020,A1,24,1203.56,632.6,1907.31,3743.47,51486.86,742.7,46.32,28.59,
2020,A1,23,1203.56,592.99,983.63,2780.18,38000.8,742.7,46.32,28.59,
2020,A1,22,1203.56,553.3,637.98,2394.84,32606.04,742.7,46.32,28.59,
2020,A1,22,1203.56,553.3,792.13,2548.99,34764.14,742.7,46.32,28.59,
2020,A1,22,1203.56,553.3,898.07,2654.93,36247.3,742.7,46.32,28.59,
2020,A1,21,1203.56,513.71,604.35,2321.62,31580.96,742.7,46.32,28.59,
2020,A1,20,1203.56,477.19,526.01,2206.76,29972.92,742.7,46.32,28.59,
2020,A1,20,1203.56,477.19,593.34,2274.09,30915.54,742.7,46.32,28.59,
2020,A2,26,1040.69,757.72,1803.64,3602.05,49865.32,759,37.78,27.54,
2020,A2,26,1040.69,757.72,1899.95,3698.36,51213.66,759,37.78,27.54,
2020,A2,25,1040.69,672.26,1740.55,3453.5,47785.62,759,37.78,27.54,
2020,A2,24,1040.69,632.6,865.08,2538.37,34973.8,759,37.78,27.54,
2020,A2,24,1040.69,632.6,979.9,2653.19,36581.28,759,37.78,27.54,
2020,A2,24,1040.69,632.6,1447.16,3120.45,43122.92,759,37.78,27.54,
2020,A2,24,1040.69,632.6,1635.79,3309.08,45763.74,759,37.78,27.54,
2020,A2,23,1040.69,592.99,808.41,2442.09,33625.88,759,37.78,27.54,
2020,A2,22,1040.69,553.3,637.98,2231.97,30684.2,759,37.78,27.54,
2020,A2,22,1040.69,553.3,703.65,2297.64,31603.58,759,37.78,27.54,
2020,A2,21,1040.69,513.71,604.35,2158.75,29659.12,759,37.78,27.54,
2020,A2,20,1040.69,477.19,538.97,2056.85,28232.52,759,37.78,27.54,
2020,A2,20,1040.69,477.19,593.34,2111.22,28993.7,759,37.78,27.54,
2020,A2,19,1040.69,452.83,528.59,2022.11,27746.16,759,37.78,27.54,
2020,A2,18,1040.69,428.46,504.81,1973.96,27072.06,759,37.78,27.54,
2020,A2,17,1040.69,404.08,502.94,1947.71,26704.56,759,37.78,27.54,
2020,A2,16,1040.69,379.77,501.1,1921.56,26338.46,759,37.78,27.54,
2020,AP,14,595.22,331.04,481.67,1407.93,19711.02,595.22,14.65,14.65,
2020,AP,13,595.22,306.64,452.53,1354.39,18961.46,595.22,14.65,14.65,
2020,AP,12,595.22,282.26,450.67,1328.15,18594.1,595.22,14.65,14.65,
2020,AP,11,595.22,257.88,448.82,1301.92,18226.88,595.22,14.65,14.65,
2020,AP,10,595.22,233.55,446.99,1275.76,17860.64,595.22,14.65,14.65,
2020,AP,9,595.22,221.39,446.05,1262.66,17677.24,595.22,14.65,14.65,
2020,AP,8,595.22,209.17,445.15,1249.54,17493.56,595.22,14.65,14.65,
2020,C1,22,781.39,553.3,637.98,1972.67,27405.3,675.35,28.59,24.69,
2020,C1,21,781.39,513.71,562.37,1857.47,25792.5,675.35,28.59,24.69,
2020,C1,20,781.39,477.19,555.58,1814.16,25186.16,675.35,28.59,24.69,
2020,C1,19,781.39,452.83,546.27,1780.49,24714.78,675.35,28.59,24.69,
2020,C1,18,781.39,428.46,840.39,2050.24,28491.28,675.35,28.59,24.69,Sí
2020,C1,18,781.39,428.46,536.91,1746.76,24242.56,675.35,28.59,24.69,
2020,C1,17,781.39,404.08,513.19,1698.66,23569.16,675.35,28.59,24.69,
2020,C1,16,781.39,379.77,644.01,1805.17,25060.3,675.35,28.59,24.69,Sí
2020,C1,16,781.39,379.77,477.06,1638.22,22723,675.35,28.59,24.69,
2020,C1,16,781.39,379.77,503.81,1664.97,23097.5,675.35,28.59,24.69,
2020,C1,15,781.39,355.36,475.2,1611.95,22355.22,675.35,28.59,24.69,
2020,C1,14,781.39,331.04,473.39,1585.82,21989.4,675.35,28.59,24.69,
2020,C1,13,781.39,306.64,471.51,1559.54,21621.48,675.35,28.59,24.69,
2020,C1,12,781.39,282.26,469.67,1533.32,21254.4,675.35,28.59,24.69,
2020,C2,18,650.33,428.46,840.39,1919.18,26856.66,644.4,19.46,19.27,Sí
2020,C2,18,650.33,428.46,527.15,1605.94,22471.3,644.4,19.46,19.27,
2020,C2,17,650.33,404.08,523,1577.41,22071.88,644.4,19.46,19.27,
2020,C2,16,650.33,379.77,644.01,1674.11,23425.68,644.4,19.46,19.27,Sí
2020,C2,16,650.33,379.77,519.22,1549.32,21678.62,644.4,19.46,19.27,
2020,C2,15,650.33,355.36,514.22,1519.91,21266.88,644.4,19.46,19.27,
2020,C2,14,650.33,331.04,511.21,1492.58,20884.26,644.4,19.46,19.27,
2020,C2,13,650.33,306.64,457.97,1414.94,19797.3,644.4,19.46,19.27,
2020,C2,12,650.33,282.26,456.13,1388.72,19430.22,644.4,19.46,19.27,
2020,C2,11,650.33,257.88,454.28,1362.49,19063,644.4,19.46,19.27,
2020,C2,10,650.33,233.55,452.45,1336.33,18696.76,644.4,19.46,19.27,
2019,A1,30,1179.96,1030.69,2734.07,4944.72,68239.03,728.13,45.41,28.02,
2019,A1,30,1179.96,1030.69,2875.76,5086.41,70220.24,728.13,45.41,28.02,
2019,A1,29,1179.96,924.48,2698.7,4803.14,66259.29,728.13,45.41,28.02,
2019,A1,28,1179.96,885.63,2596.26,4661.85,64283.61,728.13,45.41,28.02,
2019,A1,27,1179.96,846.72,2189.32,4216,58049.41,728.13,45.41,28.02,
2019,A1,27,1179.96,846.72,2304.31,4330.99,59657.24,728.13,45.41,28.02,
2019,A1,27,1179.96,846.72,2432.76,4459.44,61453.37,728.13,45.41,28.02,
2019,A1,26,1179.96,742.86,2045.78,3968.6,54590.01,728.13,45.41,28.02,
2019,A1,25,1179.96,659.07,1972.62,3811.65,52395.37,728.13,45.41,28.02,
2019,A1,24,1179.96,620.19,1114.32,2914.47,39850.18,728.13,45.41,28.02,
2019,A1,24,1179.96,620.19,1208.76,3008.91,41170.73,728.13,45.41,28.02,
2019,A1,24,1179.96,620.19,1697.08,3497.23,47998.88,728.13,45.41,28.02,
2019,A1,24,1179.96,620.19,1869.91,3670.06,50415.49,728.13,45.41,28.02,
2019,A1,23,1179.96,581.36,964.34,2725.66,37210.06,728.13,45.41,28.02,
2019,A1,22,1179.96,542.45,625.47,2347.88,31927.58,728.13,45.41,28.02,
2019,A1,22,1179.96,542.45,776.59,2499,34040.67,728.13,45.41,28.02,
2019,A1,22,1179.96,542.45,880.46,2602.87,35493.1,728.13,45.41,28.02,
2019,A1,21,1179.96,503.63,592.5,2276.09,30923.78,728.13,45.41,28.02,
2019,A1,20,1179.96,467.83,515.69,2163.48,29349.13,728.13,45.41,28.02,
2019,A1,20,1179.96,467.83,581.7,2229.49,30272.15,728.13,45.41,28.02,
2019,A2,26,1020.28,742.86,1768.27,3531.41,48827.66,744.11,37.03,27,
2019,A2,26,1020.28,742.86,1862.69,3625.83,50147.93,744.11,37.03,27,
2019,A2,25,1020.28,659.07,1706.42,3385.77,46791.22,744.11,37.03,27,
2019,A2,24,1020.28,620.19,848.11,2488.58,34245.89,744.11,37.03,27,
2019,A2,24,1020.28,620.19,960.68,2601.15,35819.91,744.11,37.03,27,
2019,A2,24,1020.28,620.19,1418.78,3059.25,42225.47,744.11,37.03,27,
2019,A2,24,1020.28,620.19,1603.71,3244.18,44811.34,744.11,37.03,27,
2019,A2,23,1020.28,581.36,792.55,2394.19,32926.04,744.11,37.03,27,
2019,A2,22,1020.28,542.45,625.47,2188.2,30045.68,744.11,37.03,27,
2019,A2,22,1020.28,542.45,689.85,2252.58,30945.88,744.11,37.03,27,
2019,A2,21,1020.28,503.63,592.5,2116.41,29041.88,744.11,37.03,27,
2019,A2,20,1020.28,467.83,528.4,2016.51,27644.96,744.11,37.03,27,
2019,A2,20,1020.28,467.83,581.7,2069.81,28390.25,744.11,37.03,27,
2019,A2,19,1020.28,443.95,518.22,1982.45,27168.68,744.11,37.03,27,
2019,A2,18,1020.28,420.05,494.91,1935.24,26508.58,744.11,37.03,27,
2019,A2,17,1020.28,396.15,493.07,1909.5,26148.64,744.11,37.03,27,
2019,A2,16,1020.28,372.32,491.27,1883.87,25790.31,744.11,37.03,27,
2019,AP,14,583.54,324.54,472.22,1380.3,19300.47,583.54,14.36,14.36,
2019,AP,13,583.54,300.62,443.65,1327.81,18566.52,583.54,14.36,14.36,
2019,AP,12,583.54,276.72,441.83,1302.09,18206.93,583.54,14.36,14.36,
2019,AP,11,583.54,252.82,440.01,1276.37,17847.27,583.54,14.36,14.36,
2019,AP,10,583.54,228.97,438.22,1250.73,17488.8,583.54,14.36,14.36,
2019,AP,9,583.54,217.04,437.3,1237.88,17309.11,583.54,14.36,14.36,
2019,AP,8,583.54,205.06,436.42,1225.02,17129.21,583.54,14.36,14.36,
2019,C1,22,766.06,542.45,625.47,1933.98,26834.94,662.1,28.02,24.2,
2019,C1,21,766.06,503.63,551.34,1821.03,25255.6,662.1,28.02,24.2,
2019,C1,20,766.06,467.83,544.68,1778.57,24661.86,662.1,28.02,24.2,
2019,C1,19,766.06,443.95,535.55,1745.56,24200.28,662.1,28.02,24.2,
2019,C1,18,766.06,420.05,823.91,2010.02,27898.24,662.1,28.02,24.2,Sí
2019,C1,18,766.06,420.05,526.38,1712.49,23737.86,662.1,28.02,24.2,
2019,C1,17,766.06,396.15,503.12,1665.33,23078.46,662.1,28.02,24.2,
2019,C1,16,766.06,372.32,631.38,1769.76,24538.73,662.1,28.02,24.2,Sí
2019,C1,16,766.06,372.32,467.7,1606.08,22249.94,662.1,28.02,24.2,
2019,C1,16,766.06,372.32,493.93,1632.31,22616.74,662.1,28.02,24.2,
2019,C1,15,766.06,348.39,465.88,1580.33,21889.93,662.1,28.02,24.2,
2019,C1,14,766.06,324.54,464.1,1554.7,21531.46,662.1,28.02,24.2,
2019,C1,13,766.06,300.62,462.26,1528.94,21171.31,662.1,28.02,24.2,
2019,C1,12,766.06,276.72,460.46,1503.24,20811.93,662.1,28.02,24.2,
2019,C2,18,637.57,420.05,823.91,1881.53,26297.61,631.76,19.07,18.89,Sí
2019,C2,18,637.57,420.05,516.81,1574.43,22003.39,631.76,19.07,18.89,
2019,C2,17,637.57,396.15,512.74,1546.46,21612.3,631.76,19.07,18.89,
2019,C2,16,637.57,372.32,631.38,1641.27,22938.1,631.76,19.07,18.89,Sí
2019,C2,16,637.57,372.32,509.03,1518.92,21227.23,631.76,19.07,18.89,
2019,C2,15,637.57,348.39,504.13,1490.09,20824.17,631.76,19.07,18.89,
2019,C2,14,637.57,324.54,501.18,1463.29,20449.32,631.76,19.07,18.89,
2019,C2,13,637.57,300.62,448.99,1387.18,19385.11,631.76,19.07,18.89,
2019,C2,12,637.57,276.72,447.18,1361.47,19025.59,631.76,19.07,18.89,
2019,C2,11,637.57,252.82,445.37,1335.76,18666.14,631.76,19.07,18.89,
2019,C2,10,637.57,228.97,443.57,1310.11,18307.46,631.76,19.07,18.89,
2018,A1,30,1151.17,1005.54,2667.38,4824.09,66573.7,710.36,44.29,27.33,
2018,A1,30,1151.17,1005.54,2805.61,4962.32,68506.54,710.36,44.29,27.33,
2018,A1,29,1151.17,901.92,2632.87,4685.96,64642.33,710.36,44.29,27.33,
2018,A1,28,1151.17,864.01,2532.92,4548.1,62714.6,710.36,44.29,27.33,
2018,A1,27,1151.17,826.06,2135.92,4113.15,56632.86,710.36,44.29,27.33,
2018,A1,27,1151.17,826.06,2248.09,4225.32,58201.28,710.36,44.29,27.33,
2018,A1,27,1151.17,826.06,2373.41,4350.64,59953.66,710.36,44.29,27.33,
2018,A1,26,1151.17,724.73,1995.88,3871.78,53257.74,710.36,44.29,27.33,
2018,A1,25,1151.17,642.99,1924.49,3718.65,51116.65,710.36,44.29,27.33,
2018,A1,24,1151.17,605.05,1087.13,2843.35,38877.5,710.36,44.29,27.33,
2018,A1,24,1151.17,605.05,1179.27,2935.49,40165.85,710.36,44.29,27.33,
2018,A1,24,1151.17,605.05,1655.68,3411.9,46827.4,710.36,44.29,27.33,
2018,A1,24,1151.17,605.05,1824.29,3580.51,49185.07,710.36,44.29,27.33,
2018,A1,23,1151.17,567.17,940.81,2659.15,36301.85,710.36,44.29,27.33,
2018,A1,22,1151.17,529.21,610.21,2290.59,31148.31,710.36,44.29,27.33,
2018,A1,22,1151.17,529.21,757.64,2438.02,33209.81,710.36,44.29,27.33,
2018,A1,22,1151.17,529.21,858.98,2539.36,34626.82,710.36,44.29,27.33,
2018,A1,21,1151.17,491.34,578.04,2220.55,30169.01,710.36,44.29,27.33,
2018,A1,20,1151.17,456.41,503.11,2110.69,28632.79,710.36,44.29,27.33,
2018,A1,20,1151.17,456.41,567.51,2175.09,29533.27,710.36,44.29,27.33,
2018,A2,26,995.39,724.73,1725.13,3445.25,47635.99,725.95,36.11,26.33,
2018,A2,26,995.39,724.73,1817.25,3537.37,48924.06,725.95,36.11,26.33,
2018,A2,25,995.39,642.99,1664.79,3303.17,45649.39,725.95,36.11,26.33,
2018,A2,24,995.39,605.05,827.42,2427.86,33410.03,725.95,36.11,26.33,
2018,A2,24,995.39,605.05,937.24,2537.68,34945.62,725.95,36.11,26.33,
2018,A2,24,995.39,605.05,1384.16,2984.6,41194.87,725.95,36.11,26.33,
2018,A2,24,995.39,605.05,1564.58,3165.02,43717.6,725.95,36.11,26.33,
2018,A2,23,995.39,567.17,773.21,2335.77,32122.38,725.95,36.11,26.33,
2018,A2,22,995.39,529.21,610.21,2134.81,29312.37,725.95,36.11,26.33,
2018,A2,22,995.39,529.21,673.01,2197.61,30190.45,725.95,36.11,26.33,
2018,A2,21,995.39,491.34,578.04,2064.77,28333.07,725.95,36.11,26.33,
2018,A2,20,995.39,456.41,515.51,1967.31,26970.24,725.95,36.11,26.33,
2018,A2,20,995.39,456.41,567.51,2019.31,27697.33,725.95,36.11,26.33,
2018,A2,19,995.39,433.11,505.57,1934.07,26505.51,725.95,36.11,26.33,
2018,A2,18,995.39,409.79,482.83,1888.01,25861.44,725.95,36.11,26.33,
2018,A2,17,995.39,386.48,481.03,1862.9,25510.39,725.95,36.11,26.33,
2018,A2,16,995.39,363.23,479.28,1837.9,25160.74,725.95,36.11,26.33,
2018,AP,14,569.3,316.61,460.69,1346.6,18829.3,569.3,14,14,
2018,AP,13,569.3,293.28,432.82,1295.4,18113.27,569.3,14,14,
2018,AP,12,569.3,269.96,431.05,1270.31,17762.5,569.3,14,14,
2018,AP,11,569.3,246.65,429.27,1245.22,17411.66,569.3,14,14,
2018,AP,10,569.3,223.38,427.53,1220.21,17062.01,569.3,14,14,
2018,AP,9,569.3,211.74,426.63,1207.67,16886.59,569.3,14,14,
2018,AP,8,569.3,200.04,425.77,1195.11,16710.96,569.3,14,14,
2018,C1,22,747.37,529.21,610.21,1886.79,26179.97,645.94,27.33,23.6,
2018,C1,21,747.37,491.34,537.88,1776.59,24639.13,645.94,27.33,23.6,
2018,C1,20,747.37,456.41,531.39,1735.17,24059.88,645.94,27.33,23.6,
2018,C1,19,747.37,433.11,522.48,1702.96,23609.5,645.94,27.33,23.6,
2018,C1,18,747.37,409.79,803.81,1960.97,27217.23,645.94,27.33,23.6,Sí
2018,C1,18,747.37,409.79,513.53,1670.69,23158.35,645.94,27.33,23.6,
2018,C1,17,747.37,386.48,490.84,1624.69,22515.12,645.94,27.33,23.6,
2018,C1,16,747.37,363.23,615.98,1726.58,23939.76,645.94,27.33,23.6,Sí
2018,C1,16,747.37,363.23,456.28,1566.88,21706.76,645.94,27.33,23.6,
2018,C1,16,747.37,363.23,481.87,1592.47,22064.53,645.94,27.33,23.6,
2018,C1,15,747.37,339.89,454.51,1541.77,21355.64,645.94,27.33,23.6,
2018,C1,14,747.37,316.61,452.77,1516.75,21005.78,645.94,27.33,23.6,
2018,C1,13,747.37,293.28,450.98,1491.63,20654.52,645.94,27.33,23.6,
2018,C1,12,747.37,269.96,449.22,1466.55,20303.82,645.94,27.33,23.6,
2018,C2,18,622.01,409.79,803.81,1835.61,25655.64,616.34,18.6,18.42,Sí
2018,C2,18,622.01,409.79,504.19,1535.99,21466.14,616.34,18.6,18.42,
2018,C2,17,622.01,386.48,500.22,1508.71,21084.71,616.34,18.6,18.42,
2018,C2,16,622.01,363.23,615.98,1601.22,22378.17,616.34,18.6,18.42,Sí
2018,C2,16,622.01,363.23,496.6,1481.84,20708.95,616.34,18.6,18.42,
2018,C2,15,622.01,339.89,491.83,1453.73,20315.9,616.34,18.6,18.42,
2018,C2,14,622.01,316.61,488.94,1427.56,19950.01,616.34,18.6,18.42,
2018,C2,13,622.01,293.28,438.03,1353.32,18911.84,616.34,18.6,18.42,
2018,C2,12,622.01,269.96,436.26,1328.23,18561.07,616.34,18.6,18.42,
2018,C2,11,622.01,246.65,434.5,1303.16,18210.51,616.34,18.6,18.42,
2018,C2,10,622.01,223.38,432.74,1278.13,17860.51,616.34,18.6,18.42,
2017,A1,30,1131.36,988.23,2616.54,4736.13,65439.36,698.13,43.52,26.85,
2017,A1,30,1131.36,988.23,2752.39,4871.98,67341.26,698.13,43.52,26.85,
2017,A1,29,1131.36,886.4,2582.63,4600.39,63539,698.13,43.52,26.85,
2017,A1,28,1131.36,849.14,2484.39,4464.89,61642,698.13,43.52,26.85,
2017,A1,27,1131.36,811.85,2094.22,4037.43,55657.56,698.13,43.52,26.85,
2017,A1,27,1131.36,811.85,2204.46,4147.67,57200.92,698.13,43.52,26.85,
2017,A1,27,1131.36,811.85,2327.63,4270.84,58925.3,698.13,43.52,26.85,
2017,A1,26,1131.36,712.25,1956.59,3800.2,52336.34,698.13,43.52,26.85,
2017,A1,25,1131.36,631.93,1886.43,3649.72,50229.62,698.13,43.52,26.85,
2017,A1,24,1131.36,594.64,1063.47,2789.47,38186.12,698.13,43.52,26.85,
2017,A1,24,1131.36,594.64,1154.02,2880.02,39453.82,698.13,43.52,26.85,
2017,A1,24,1131.36,594.64,1622.24,3348.24,46008.9,698.13,43.52,26.85,
2017,A1,24,1131.36,594.64,1787.96,3513.96,48328.98,698.13,43.52,26.85,
2017,A1,23,1131.36,557.4,919.67,2608.43,35651.56,698.13,43.52,26.85,
2017,A1,22,1131.36,520.09,594.75,2246.2,30580.34,698.13,43.52,26.85,
2017,A1,22,1131.36,520.09,739.65,2391.1,32608.94,698.13,43.52,26.85,
2017,A1,22,1131.36,520.09,839.25,2490.7,34003.34,698.13,43.52,26.85,
2017,A1,21,1131.36,482.88,563.14,2177.38,29616.86,698.13,43.52,26.85,
2017,A1,20,1131.36,448.55,489.49,2069.4,28105.14,698.13,43.52,26.85,
2017,A1,20,1131.36,448.55,552.78,2132.69,28991.2,698.13,43.52,26.85,
2017,A2,26,978.26,712.25,1690.5,3381.01,46804.52,713.45,35.48,25.87,
2017,A2,26,978.26,712.25,1781.03,3471.54,48071.94,713.45,35.48,25.87,
2017,A2,25,978.26,631.93,1631.2,3241.39,44849.84,713.45,35.48,25.87,
2017,A2,24,978.26,594.64,808.22,2381.12,32806.06,713.45,35.48,25.87,
2017,A2,24,978.26,594.64,916.15,2489.05,34317.08,713.45,35.48,25.87,
2017,A2,24,978.26,594.64,1355.39,2928.29,40466.44,713.45,35.48,25.87,
2017,A2,24,978.26,594.64,1532.7,3105.6,42948.78,713.45,35.48,25.87,
2017,A2,23,978.26,557.4,754.95,2290.61,31538.92,713.45,35.48,25.87,
2017,A2,22,978.26,520.09,594.75,2093.1,28773.78,713.45,35.48,25.87,
2017,A2,22,978.26,520.09,656.47,2154.82,29637.86,713.45,35.48,25.87,
2017,A2,21,978.26,482.88,563.14,2024.28,27810.3,713.45,35.48,25.87,
2017,A2,20,978.26,448.55,501.68,1928.49,26469.24,713.45,35.48,25.87,
2017,A2,20,978.26,448.55,552.78,1979.59,27184.64,713.45,35.48,25.87,
2017,A2,19,978.26,425.65,491.92,1895.83,26012,713.45,35.48,25.87,
2017,A2,18,978.26,402.73,469.56,1850.55,25379.08,713.45,35.48,25.87,
2017,A2,17,978.26,379.83,467.8,1825.89,25032.84,713.45,35.48,25.87,
2017,A2,16,978.26,356.97,466.07,1801.3,24688.58,713.45,35.48,25.87,
2017,AP,14,559.5,311.16,447.81,1318.47,18458.58,559.5,13.75,13.75,
2017,AP,13,559.5,288.22,420.41,1268.13,17753.82,559.5,13.75,13.75,
2017,AP,12,559.5,265.31,418.67,1243.48,17408.72,559.5,13.75,13.75,
2017,AP,11,559.5,242.4,416.92,1218.82,17063.48,559.5,13.75,13.75,
2017,AP,10,559.5,219.53,415.22,1194.25,16719.5,559.5,13.75,13.75,
2017,AP,9,559.5,208.08,414.33,1181.91,16546.74,559.5,13.75,13.75,
2017,AP,8,559.5,196.59,413.48,1169.57,16373.98,559.5,13.75,13.75,
2017,C1,22,734.51,520.09,594.75,1849.35,25691.52,634.82,26.85,23.19,
2017,C1,21,734.51,482.88,523.67,1741.06,24175.46,634.82,26.85,23.19,
2017,C1,20,734.51,448.55,517.29,1700.35,23605.52,634.82,26.85,23.19,
2017,C1,19,734.51,425.65,508.53,1668.69,23162.28,634.82,26.85,23.19,
2017,C1,18,734.51,402.73,785.02,1922.26,26712.26,634.82,26.85,23.19,Sí
2017,C1,18,734.51,402.73,499.74,1636.98,22718.34,634.82,26.85,23.19,
2017,C1,17,734.51,379.83,477.43,1591.77,22085.4,634.82,26.85,23.19,
2017,C1,16,734.51,356.97,600.42,1691.9,23487.22,634.82,26.85,23.19,Sí
2017,C1,16,734.51,356.97,443.47,1534.95,21289.92,634.82,26.85,23.19,
2017,C1,16,734.51,356.97,468.62,1560.1,21642.02,634.82,26.85,23.19,
2017,C1,15,734.51,334.03,441.73,1510.27,20944.4,634.82,26.85,23.19,
2017,C1,14,734.51,311.16,440.01,1485.68,20600.14,634.82,26.85,23.19,
2017,C1,13,734.51,288.22,438.26,1460.99,20254.48,634.82,26.85,23.19,
2017,C1,12,734.51,265.31,436.53,1436.35,19909.52,634.82,26.85,23.19,
2017,C2,18,611.31,402.73,785.02,1799.06,25175.68,605.73,18.27,18.09,Sí
2017,C2,18,611.31,402.73,490.56,1504.6,21053.24,605.73,18.27,18.09,
2017,C2,17,611.31,379.83,486.66,1477.8,20678.04,605.73,18.27,18.09,
2017,C2,16,611.31,356.97,600.42,1568.7,21950.64,605.73,18.27,18.09,Sí
2017,C2,16,611.31,356.97,483.1,1451.38,20308.16,605.73,18.27,18.09,
2017,C2,15,611.31,334.03,478.41,1423.75,19921.34,605.73,18.27,18.09,
2017,C2,14,611.31,311.16,475.57,1398.04,19561.4,605.73,18.27,18.09,
2017,C2,13,611.31,288.22,425.53,1325.06,18539.68,605.73,18.27,18.09,
2017,C2,12,611.31,265.31,423.8,1300.42,18194.72,605.73,18.27,18.09,
2017,C2,11,611.31,242.4,422.06,1275.77,17849.62,605.73,18.27,18.09,
2017,C2,10,611.31,219.53,420.33,1251.17,17505.22,605.73,18.27,18.09,
2016,A1,30,1120.15,978.44,2590.63,4689.22,64791.2,691.21,43.08,26.58,
2016,A1,30,1120.15,978.44,2725.13,4823.72,66674.2,691.21,43.08,26.58,
2016,A1,29,1120.15,877.62,2557.05,4554.82,62909.6,691.21,43.08,26.58,
2016,A1,28,1120.15,840.73,2459.79,4420.67,61031.5,691.21,43.08,26.58,
2016,A1,27,1120.15,803.81,2073.48,3997.44,55106.28,691.21,43.08,26.58,
2016,A1,27,1120.15,803.81,2182.63,4106.59,56634.38,691.21,43.08,26.58,
2016,A1,27,1120.15,803.81,2304.58,4228.54,58341.68,691.21,43.08,26.58,
2016,A1,26,1120.15,705.19,1937.21,3762.55,51817.82,691.21,43.08,26.58,
2016,A1,25,1120.15,625.67,1867.75,3613.57,49732.1,691.21,43.08,26.58,
2016,A1,24,1120.15,588.75,1052.94,2761.84,37807.88,691.21,43.08,26.58,
2016,A1,24,1120.15,588.75,1142.59,2851.49,39062.98,691.21,43.08,26.58,
2016,A1,24,1120.15,588.75,1606.17,3315.07,45553.1,691.21,43.08,26.58,
2016,A1,24,1120.15,588.75,1770.25,3479.15,47850.22,691.21,43.08,26.58,
2016,A1,23,1120.15,551.88,910.56,2582.59,35298.38,691.21,43.08,26.58,
2016,A1,22,1120.15,514.94,588.86,2223.95,30277.42,691.21,43.08,26.58,
2016,A1,22,1120.15,514.94,732.32,2367.41,32285.86,691.21,43.08,26.58,
2016,A1,22,1120.15,514.94,830.94,2466.03,33666.54,691.21,43.08,26.58,
2016,A1,21,1120.15,478.09,557.56,2155.8,29323.32,691.21,43.08,26.58,
2016,A1,20,1120.15,444.1,484.64,2048.89,27826.58,691.21,43.08,26.58,
2016,A1,20,1120.15,444.1,547.3,2111.55,28703.82,691.21,43.08,26.58,
2016,A2,26,968.57,705.19,1673.76,3347.52,46340.9,706.38,35.12,25.61,
2016,A2,26,968.57,705.19,1763.39,3437.15,47595.72,706.38,35.12,25.61,
2016,A2,25,968.57,625.67,1615.04,3209.28,44405.54,706.38,35.12,25.61,
2016,A2,24,968.57,588.75,800.21,2357.53,32481.04,706.38,35.12,25.61,
2016,A2,24,968.57,588.75,907.07,2464.39,33977.08,706.38,35.12,25.61,
2016,A2,24,968.57,588.75,1341.97,2899.29,40065.68,706.38,35.12,25.61,
2016,A2,24,968.57,588.75,1517.52,3074.84,42523.38,706.38,35.12,25.61,
2016,A2,23,968.57,551.88,747.47,2267.92,31226.5,706.38,35.12,25.61,
2016,A2,22,968.57,514.94,588.86,2072.37,28488.8,706.38,35.12,25.61,
2016,A2,22,968.57,514.94,649.97,2133.48,29344.34,706.38,35.12,25.61,
2016,A2,21,968.57,478.09,557.56,2004.22,27534.7,706.38,35.12,25.61,
2016,A2,20,968.57,444.1,496.71,1909.38,26206.94,706.38,35.12,25.61,
2016,A2,20,968.57,444.1,547.3,1959.97,26915.2,706.38,35.12,25.61,
2016,A2,19,968.57,421.43,487.04,1877.04,25754.18,706.38,35.12,25.61,
2016,A2,18,968.57,398.74,464.91,1832.22,25126.7,706.38,35.12,25.61,
2016,A2,17,968.57,376.06,463.16,1807.79,24784.68,706.38,35.12,25.61,
2016,A2,16,968.57,353.43,461.45,1783.45,24443.92,706.38,35.12,25.61,
2016,AP,14,553.96,308.07,443.37,1305.4,18275.6,553.96,13.61,13.61,
2016,AP,13,553.96,285.36,416.24,1255.56,17577.84,553.96,13.61,13.61,
2016,AP,12,553.96,262.68,414.52,1231.16,17236.24,553.96,13.61,13.61,
2016,AP,11,553.96,240,412.79,1206.75,16894.5,553.96,13.61,13.61,
2016,AP,10,553.96,217.35,411.1,1182.41,16553.74,553.96,13.61,13.61,
2016,AP,9,553.96,206.01,410.22,1170.19,16382.66,553.96,13.61,13.61,
2016,AP,8,553.96,194.64,409.38,1157.98,16211.72,553.96,13.61,13.61,
2016,C1,22,727.23,514.94,588.86,1831.03,25437.02,628.53,26.58,22.96,
2016,C1,21,727.23,478.09,518.48,1723.8,23935.8,628.53,26.58,22.96,
2016,C1,20,727.23,444.1,512.16,1683.49,23371.46,628.53,26.58,22.96,
2016,C1,19,727.23,421.43,503.49,1652.15,22932.7,628.53,26.58,22.96,
2016,C1,18,727.23,398.74,777.24,1903.21,26447.54,628.53,26.58,22.96,Sí
2016,C1,18,727.23,398.74,494.79,1620.76,22493.24,628.53,26.58,22.96,
2016,C1,17,727.23,376.06,472.7,1575.99,21866.46,628.53,26.58,22.96,
2016,C1,16,727.23,353.43,594.47,1675.13,23254.42,628.53,26.58,22.96,Sí
2016,C1,16,727.23,353.43,439.07,1519.73,21078.82,628.53,26.58,22.96,
2016,C1,16,727.23,353.43,463.98,1544.64,21427.56,628.53,26.58,22.96,
2016,C1,15,727.23,330.72,437.35,1495.3,20736.8,628.53,26.58,22.96,
2016,C1,14,727.23,308.07,435.65,1470.95,20395.9,628.53,26.58,22.96,
2016,C1,13,727.23,285.36,433.92,1446.51,20053.74,628.53,26.58,22.96,
2016,C1,12,727.23,262.68,432.2,1422.11,19712.14,628.53,26.58,22.96,
2016,C2,18,605.25,398.74,777.24,1781.23,24926.18,599.73,18.08,17.91,Sí
2016,C2,18,605.25,398.74,485.7,1489.69,20844.62,599.73,18.08,17.91,
2016,C2,17,605.25,376.06,481.84,1463.15,20473.06,599.73,18.08,17.91,
2016,C2,16,605.25,353.43,594.47,1553.15,21733.06,599.73,18.08,17.91,Sí
2016,C2,16,605.25,353.43,478.31,1436.99,20106.82,599.73,18.08,17.91,
2016,C2,15,605.25,330.72,473.67,1409.64,19723.92,599.73,18.08,17.91,
2016,C2,14,605.25,308.07,470.86,1384.18,19367.48,599.73,18.08,17.91,
2016,C2,13,605.25,285.36,421.31,1311.92,18355.84,599.73,18.08,17.91,
2016,C2,12,605.25,262.68,419.6,1287.53,18014.38,599.73,18.08,17.91,
2016,C2,11,605.25,240,417.88,1263.13,17672.78,599.73,18.08,17.91,
2016,C2,10,605.25,217.35,416.16,1238.76,17331.6,599.73,18.08,17.91,
2013,A1,30,1109.05,968.75,2564.98,4642.78,64149.54,,42.65,,
2013,A1,30,1109.05,968.75,2698.14,4775.94,66013.78,,42.65,,
2013,A1,29,1109.05,868.93,2531.73,4509.71,62286.56,,42.65,,
2013,A1,28,1109.05,832.4,2435.43,4376.88,60426.94,,42.65,,
2013,A1,27,1109.05,795.85,2052.95,3957.85,54560.52,,42.65,,
2013,A1,27,1109.05,795.85,2161.01,4065.91,56073.36,,42.65,,
2013,A1,27,1109.05,795.85,2281.76,4186.66,57763.86,,42.65,,
2013,A1,26,1109.05,698.2,1918.02,3725.27,51304.4,,42.65,,
2013,A1,25,1109.05,619.47,1849.25,3577.77,49239.4,,42.65,,
2013,A1,24,1109.05,582.92,1042.51,2734.48,37433.34,,42.65,,
2013,A1,24,1109.05,582.92,1131.27,2823.24,38675.98,,42.65,,
2013,A1,24,1109.05,582.92,1590.26,3282.23,45101.84,,42.65,,
2013,A1,24,1109.05,582.92,1752.72,3444.69,47376.28,,42.65,,
2013,A1,23,1109.05,546.41,901.54,2557,34948.62,,42.65,,
2013,A1,22,1109.05,509.84,583.02,2201.91,29977.36,,42.65,,
2013,A1,22,1109.05,509.84,725.06,2343.95,31965.92,,42.65,,
2013,A1,22,1109.05,509.84,822.71,2441.6,33333.02,,42.65,,
2013,A1,21,1109.05,473.35,552.03,2134.43,29032.64,,42.65,,
2013,A1,20,1109.05,439.7,479.84,2028.59,27550.88,,42.65,,
2013,A1,20,1109.05,439.7,541.88,2090.63,28419.44,,42.65,,
2013,A2,26,958.98,698.2,1657.18,3314.36,45881.84,,34.77,,
2013,A2,26,958.98,698.2,1745.93,3403.11,47124.34,,34.77,,
2013,A2,25,958.98,619.47,1599.04,3177.49,43965.66,,34.77,,
2013,A2,24,958.98,582.92,792.28,2334.18,32159.32,,34.77,,
2013,A2,24,958.98,582.92,898.08,2439.98,33640.52,,34.77,,
2013,A2,24,958.98,582.92,1328.68,2870.58,39668.92,,34.77,,
2013,A2,24,958.98,582.92,1502.49,3044.39,42102.26,,34.77,,
2013,A2,23,958.98,546.41,740.06,2245.45,30917.1,,34.77,,
2013,A2,22,958.98,509.84,583.02,2051.84,28206.56,,34.77,,
2013,A2,22,958.98,509.84,643.53,2112.35,29053.7,,34.77,,
2013,A2,21,958.98,473.35,552.03,1984.36,27261.84,,34.77,,
2013,A2,20,958.98,439.7,491.79,1890.47,25947.38,,34.77,,
2013,A2,20,958.98,439.7,541.88,1940.56,26648.64,,34.77,,
2013,A2,19,958.98,417.25,482.21,1858.44,25498.96,,34.77,,
2013,A2,18,958.98,394.79,460.3,1814.07,24877.78,,34.77,,
2013,A2,17,958.98,372.33,458.57,1789.88,24539.12,,34.77,,
2013,A2,16,958.98,349.93,456.88,1765.79,24201.86,,34.77,,
2013,AP,14,548.47,305.01,438.98,1292.46,18094.44,,13.47,,
2013,AP,13,548.47,282.53,412.11,1243.11,17403.54,,13.47,,
2013,AP,12,548.47,260.07,410.41,1218.95,17065.3,,13.47,,
2013,AP,11,548.47,237.62,408.7,1194.79,16727.06,,13.47,,
2013,AP,10,548.47,215.19,407.02,1170.68,16389.52,,13.47,,
2013,AP,9,548.47,203.97,406.15,1158.59,16220.26,,13.47,,
2013,AP,8,548.47,192.71,405.32,1146.5,16051,,13.47,,
2013,C1,22,720.02,509.84,583.02,1812.88,25184.92,,26.31,,
2013,C1,21,720.02,473.35,513.34,1706.71,23698.54,,26.31,,
2013,C1,20,720.02,439.7,507.08,1666.8,23139.8,,26.31,,
2013,C1,19,720.02,417.25,498.5,1635.77,22705.38,,26.31,,
2013,C1,18,720.02,394.79,769.54,1884.35,26185.5,,26.31,,Sí
2013,C1,18,720.02,394.79,489.89,1604.7,22270.4,,26.31,,
2013,C1,17,720.02,372.33,468.01,1560.36,21649.64,,26.31,,
2013,C1,16,720.02,349.93,588.58,1658.53,23024.02,,26.31,,Sí
2013,C1,16,720.02,349.93,434.72,1504.67,20869.98,,26.31,,
2013,C1,16,720.02,349.93,459.38,1529.33,21215.22,,26.31,,
2013,C1,15,720.02,327.44,433.01,1480.47,20531.18,,26.31,,
2013,C1,14,720.02,305.01,431.33,1456.36,20193.64,,26.31,,
2013,C1,13,720.02,282.53,429.62,1432.17,19854.98,,26.31,,
2013,C1,12,720.02,260.07,427.92,1408.01,19516.74,,26.31,,
2013,C2,18,599.25,394.79,769.54,1763.58,24679.2,,17.9,,Sí
2013,C2,18,599.25,394.79,480.89,1474.93,20638.1,,17.9,,
2013,C2,17,599.25,372.33,477.06,1448.64,20270.04,,17.9,,
2013,C2,16,599.25,349.93,588.58,1537.76,21517.72,,17.9,,Sí
2013,C2,16,599.25,349.93,473.57,1422.75,19907.58,,17.9,,
2013,C2,15,599.25,327.44,468.98,1395.67,19528.46,,17.9,,
2013,C2,14,599.25,305.01,466.19,1370.45,19175.38,,17.9,,
2013,C2,13,599.25,282.53,417.13,1298.91,18173.82,,17.9,,
2013,C2,12,599.25,260.07,415.44,1274.76,17835.72,,17.9,,
2013,C2,11,599.25,237.62,413.74,1250.61,17497.62,,17.9,,
2013,C2,10,599.25,215.19,412.03,1226.47,17159.66,,17.9,,
2012,A1,30,1109.05,968.75,2564.98,4642.78,64149.54,,42.65,,
2012,A1,30,1109.05,968.75,2698.14,4775.94,66013.78,,42.65,,
2012,A1,29,1109.05,868.93,2531.73,4509.71,62286.56,,42.65,,
2012,A1,28,1109.05,832.4,2435.43,4376.88,60426.94,,42.65,,
2012,A1,27,1109.05,795.85,2052.95,3957.85,54560.52,,42.65,,
2012,A1,27,1109.05,795.85,2161.01,4065.91,56073.36,,42.65,,
2012,A1,27,1109.05,795.85,2281.76,4186.66,57763.86,,42.65,,
2012,A1,26,1109.05,698.2,1918.02,3725.27,51304.4,,42.65,,
2012,A1,25,1109.05,619.47,1849.25,3577.77,49239.4,,42.65,,
2012,A1,24,1109.05,582.92,1042.51,2734.48,37433.34,,42.65,,
2012,A1,24,1109.05,582.92,1131.27,2823.24,38675.98,,42.65,,
2012,A1,24,1109.05,582.92,1590.26,3282.23,45101.84,,42.65,,
2012,A1,24,1109.05,582.92,1752.72,3444.69,47376.28,,42.65,,
2012,A1,23,1109.05,546.41,901.54,2557,34948.62,,42.65,,
2012,A1,22,1109.05,509.84,583.02,2201.91,29977.36,,42.65,,
2012,A1,22,1109.05,509.84,725.06,2343.95,31965.92,,42.65,,
2012,A1,22,1109.05,509.84,822.71,2441.6,33333.02,,42.65,,
2012,A1,21,1109.05,473.35,552.03,2134.43,29032.64,,42.65,,
2012,A1,20,1109.05,439.7,479.84,2028.59,27550.88,,42.65,,
2012,A1,20,1109.05,439.7,541.88,2090.63,28419.44,,42.65,,
2012,A2,26,958.98,698.2,1657.18,3314.36,45881.84,,34.77,,
2012,A2,26,958.98,698.2,1745.93,3403.11,47124.34,,34.77,,
2012,A2,25,958.98,619.47,1599.04,3177.49,43965.66,,34.77,,
2012,A2,24,958.98,582.92,792.28,2334.18,32159.32,,34.77,,
2012,A2,24,958.98,582.92,898.08,2439.98,33640.52,,34.77,,
2012,A2,24,958.98,582.92,1328.68,2870.58,39668.92,,34.77,,
2012,A2,24,958.98,582.92,1502.49,3044.39,42102.26,,34.77,,
2012,A2,23,958.98,546.41,740.06,2245.45,30917.1,,34.77,,
2012,A2,22,958.98,509.84,583.02,2051.84,28206.56,,34.77,,
2012,A2,22,958.98,509.84,643.53,2112.35,29053.7,,34.77,,
2012,A2,21,958.98,473.35,552.03,1984.36,27261.84,,34.77,,
2012,A2,20,958.98,439.7,491.79,1890.47,25947.38,,34.77,,
2012,A2,20,958.98,439.7,541.88,1940.56,26648.64,,34.77,,
2012,A2,19,958.98,417.25,482.21,1858.44,25498.96,,34.77,,
2012,A2,18,958.98,394.79,460.3,1814.07,24877.78,,34.77,,
2012,A2,17,958.98,372.33,458.57,1789.88,24539.12,,34.77,,
2012,A2,16,958.98,349.93,456.88,1765.79,24201.86,,34.77,,
2012,AP,14,548.47,305.01,438.98,1292.46,18094.44,,13.47,,
2012,AP,13,548.47,282.53,412.11,1243.11,17403.54,,13.47,,
2012,AP,12,548.47,260.07,410.41,1218.95,17065.3,,13.47,,
2012,AP,11,548.47,237.62,408.7,1194.79,16727.06,,13.47,,
2012,AP,10,548.47,215.19,407.02,1170.68,16389.52,,13.47,,
2012,AP,9,548.47,203.97,406.15,1158.59,16220.26,,13.47,,
2012,AP,8,548.47,192.71,405.32,1146.5,16051,,13.47,,
2012,C1,22,720.02,509.84,583.02,1812.88,25184.92,,26.31,,
2012,C1,21,720.02,473.35,513.34,1706.71,23698.54,,26.31,,
2012,C1,20,720.02,439.7,507.08,1666.8,23139.8,,26.31,,
2012,C1,19,720.02,417.25,498.5,1635.77,22705.38,,26.31,,
2012,C1,18,720.02,394.79,769.54,1884.35,26185.5,,26.31,,Sí
2012,C1,18,720.02,394.79,489.89,1604.7,22270.4,,26.31,,
2012,C1,17,720.02,372.33,468.01,1560.36,21649.64,,26.31,,
2012,C1,16,720.02,349.93,588.58,1658.53,23024.02,,26.31,,Sí
2012,C1,16,720.02,349.93,434.72,1504.67,20869.98,,26.31,,
2012,C1,16,720.02,349.93,459.38,1529.33,21215.22,,26.31,,
2012,C1,15,720.02,327.44,433.01,1480.47,20531.18,,26.31,,
2012,C1,14,720.02,305.01,431.33,1456.36,20193.64,,26.31,,
2012,C1,13,720.02,282.53,429.62,1432.17,19854.98,,26.31,,
2012,C1,12,720.02,260.07,427.92,1408.01,19516.74,,26.31,,
2012,C2,18,599.25,394.79,769.54,1763.58,24679.2,,17.9,,Sí
2012,C2,18,599.25,394.79,480.89,1474.93,20638.1,,17.9,,
2012,C2,17,599.25,372.33,477.06,1448.64,20270.04,,17.9,,
2012,C2,16,599.25,349.93,588.58,1537.76,21517.72,,17.9,,Sí
2012,C2,16,599.25,349.93,473.57,1422.75,19907.58,,17.9,,
2012,C2,15,599.25,327.44,468.98,1395.67,19528.46,,17.9,,
2012,C2,14,599.25,305.01,466.19,1370.45,19175.38,,17.9,,
2012,C2,13,599.25,282.53,417.13,1298.91,18173.82,,17.9,,
2012,C2,12,599.25,260.07,415.44,1274.76,17835.72,,17.9,,
2012,C2,11,599.25,237.62,413.74,1250.61,17497.62,,17.9,,
2012,C2,10,599.25,215.19,412.03,1226.47,17159.66,,17.9,,
2011,A1,30,1109.05,968.75,2564.98,4642.78,64149.54,,42.65,,
2011,A1,30,1109.05,968.75,2698.14,4775.94,66013.78,,42.65,,
2011,A1,29,1109.05,868.93,2531.73,4509.71,62286.56,,42.65,,
2011,A1,28,1109.05,832.4,2435.43,4376.88,60426.94,,42.65,,
2011,A1,27,1109.05,795.85,2052.95,3957.85,54560.52,,42.65,,
2011,A1,27,1109.05,795.85,2161.01,4065.91,56073.36,,42.65,,
2011,A1,27,1109.05,795.85,2281.76,4186.66,57763.86,,42.65,,
2011,A1,26,1109.05,698.2,1918.02,3725.27,51304.4,,42.65,,
2011,A1,25,1109.05,619.47,1849.25,3577.77,49239.4,,42.65,,
2011,A1,24,1109.05,582.92,1042.51,2734.48,37433.34,,42.65,,
2011,A1,24,1109.05,582.92,1131.27,2823.24,38675.98,,42.65,,
2011,A1,24,1109.05,582.92,1590.26,3282.23,45101.84,,42.65,,
2011,A1,24,1109.05,582.92,1752.72,3444.69,47376.28,,42.65,,
2011,A1,23,1109.05,546.41,901.54,2557,34948.62,,42.65,,
2011,A1,22,1109.05,509.84,583.02,2201.91,29977.36,,42.65,,
2011,A1,22,1109.05,509.84,725.06,2343.95,31965.92,,42.65,,
2011,A1,22,1109.05,509.84,822.71,2441.6,33333.02,,42.65,,
2011,A1,21,1109.05,473.35,552.03,2134.43,29032.64,,42.65,,
2011,A1,20,1109.05,439.7,479.84,2028.59,27550.88,,42.65,,
2011,A1,20,1109.05,439.7,541.88,2090.63,28419.44,,42.65,,
2011,A2,26,958.98,698.2,1657.18,3314.36,45881.84,,34.77,,
2011,A2,26,958.98,698.2,1745.93,3403.11,47124.34,,34.77,,
2011,A2,25,958.98,619.47,1599.04,3177.49,43965.66,,34.77,,
2011,A2,24,958.98,582.92,792.28,2334.18,32159.32,,34.77,,
2011,A2,24,958.98,582.92,898.08,2439.98,33640.52,,34.77,,
2011,A2,24,958.98,582.92,1328.68,2870.58,39668.92,,34.77,,
2011,A2,24,958.98,582.92,1502.49,3044.39,42102.26,,34.77,,
2011,A2,23,958.98,546.41,740.06,2245.45,30917.1,,34.77,,
2011,A2,22,958.98,509.84,583.02,2051.84,28206.56,,34.77,,
2011,A2,22,958.98,509.84,643.53,2112.35,29053.7,,34.77,,
2011,A2,21,958.98,473.35,552.03,1984.36,27261.84,,34.77,,
2011,A2,20,958.98,439.7,491.79,1890.47,25947.38,,34.77,,
2011,A2,20,958.98,439.7,541.88,1940.56,26648.64,,34.77,,
2011,A2,19,958.98,417.25,482.21,1858.44,25498.96,,34.77,,
2011,A2,18,958.98,394.79,460.3,1814.07,24877.78,,34.77,,
2011,A2,17,958.98,372.33,458.57,1789.88,24539.12,,34.77,,
2011,A2,16,958.98,349.93,456.88,1765.79,24201.86,,34.77,,
2011,AP,14,548.47,305.01,438.98,1292.46,18094.44,,13.47,,
2011,AP,13,548.47,282.53,412.11,1243.11,17403.54,,13.47,,
2011,AP,12,548.47,260.07,410.41,1218.95,17065.3,,13.47,,
2011,AP,11,548.47,237.62,408.7,1194.79,16727.06,,13.47,,
2011,AP,10,548.47,215.19,407.02,1170.68,16389.52,,13.47,,
2011,AP,9,548.47,203.97,406.15,1158.59,16220.26,,13.47,,
2011,AP,8,548.47,192.71,405.32,1146.5,16051,,13.47,,
2011,C1,22,720.02,509.84,583.02,1812.88,25184.92,,26.31,,
2011,C1,21,720.02,473.35,513.34,1706.71,23698.54,,26.31,,
2011,C1,20,720.02,439.7,507.08,1666.8,23139.8,,26.31,,
2011,C1,19,720.02,417.25,498.5,1635.77,22705.38,,26.31,,
2011,C1,18,720.02,394.79,769.54,1884.35,26185.5,,26.31,,Sí
2011,C1,18,720.02,394.79,489.89,1604.7,22270.4,,26.31,,
2011,C1,17,720.02,372.33,468.01,1560.36,21649.64,,26.31,,
2011,C1,16,720.02,349.93,588.58,1658.53,23024.02,,26.31,,Sí
2011,C1,16,720.02,349.93,434.72,1504.67,20869.98,,26.31,,
2011,C1,16,720.02,349.93,459.38,1529.33,21215.22,,26.31,,
2011,C1,15,720.02,327.44,433.01,1480.47,20531.18,,26.31,,
2011,C1,14,720.02,305.01,431.33,1456.36,20193.64,,26.31,,
2011,C1,13,720.02,282.53,429.62,1432.17,19854.98,,26.31,,
2011,C1,12,720.02,260.07,427.92,1408.01,19516.74,,26.31,,
2011,C2,18,599.25,394.79,769.54,1763.58,24679.2,,17.9,,Sí
2011,C2,18,599.25,394.79,480.89,1474.93,20638.1,,17.9,,
2011,C2,17,599.25,372.33,477.06,1448.64,20270.04,,17.9,,
2011,C2,16,599.25,349.93,588.58,1537.76,21517.72,,17.9,,Sí
2011,C2,16,599.25,349.93,473.57,1422.75,19907.58,,17.9,,
2011,C2,15,599.25,327.44,468.98,1395.67,19528.46,,17.9,,
2011,C2,14,599.25,305.01,466.19,1370.45,19175.38,,17.9,,
2011,C2,13,599.25,282.53,417.13,1298.91,18173.82,,17.9,,
2011,C2,12,599.25,260.07,415.44,1274.76,17835.72,,17.9,,
2011,C2,11,599.25,237.62,413.74,1250.61,17497.62,,17.9,,
2011,C2,10,599.25,215.19,412.03,1226.47,17159.66,,17.9,,
2010,A1,30,1109.05,968.75,2564.98,4642.78,64149.54,,42.65,,
2010,A1,30,1109.05,968.75,2698.14,4775.94,66013.78,,42.65,,
2010,A1,29,1109.05,868.93,2531.73,4509.71,62286.56,,42.65,,
2010,A1,28,1109.05,832.4,2435.43,4376.88,60426.94,,42.65,,
2010,A1,27,1109.05,795.85,2052.95,3957.85,54560.52,,42.65,,
2010,A1,27,1109.05,795.85,2161.01,4065.91,56073.36,,42.65,,
2010,A1,27,1109.05,795.85,2281.76,4186.66,57763.86,,42.65,,
2010,A1,26,1109.05,698.2,1918.02,3725.27,51304.4,,42.65,,
2010,A1,25,1109.05,619.47,1849.25,3577.77,49239.4,,42.65,,
2010,A1,24,1109.05,582.92,1042.51,2734.48,37433.34,,42.65,,
2010,A1,24,1109.05,582.92,1131.27,2823.24,38675.98,,42.65,,
2010,A1,24,1109.05,582.92,1590.26,3282.23,45101.84,,42.65,,
2010,A1,24,1109.05,582.92,1752.72,3444.69,47376.28,,42.65,,
2010,A1,23,1109.05,546.41,901.54,2557,34948.62,,42.65,,
2010,A1,22,1109.05,509.84,583.02,2201.91,29977.36,,42.65,,
2010,A1,22,1109.05,509.84,725.06,2343.95,31965.92,,42.65,,
2010,A1,22,1109.05,509.84,822.71,2441.6,33333.02,,42.65,,
2010,A1,21,1109.05,473.35,552.03,2134.43,29032.64,,42.65,,
2010,A1,20,1109.05,439.7,479.84,2028.59,27550.88,,42.65,,
2010,A1,20,1109.05,439.7,541.88,2090.63,28419.44,,42.65,,
2010,A2,26,958.98,698.2,1657.18,3314.36,45881.84,,34.77,,
2010,A2,26,958.98,698.2,1745.93,3403.11,47124.34,,34.77,,
2010,A2,25,958.98,619.47,1599.04,3177.49,43965.66,,34.77,,
2010,A2,24,958.98,582.92,792.28,2334.18,32159.32,,34.77,,
2010,A2,24,958.98,582.92,898.08,2439.98,33640.52,,34.77,,
2010,A2,24,958.98,582.92,1328.68,2870.58,39668.92,,34.77,,
2010,A2,24,958.98,582.92,1502.49,3044.39,42102.26,,34.77,,
2010,A2,23,958.98,546.41,740.06,2245.45,30917.1,,34.77,,
2010,A2,22,958.98,509.84,583.02,2051.84,28206.56,,34.77,,
2010,A2,22,958.98,509.84,643.53,2112.35,29053.7,,34.77,,
2010,A2,21,958.98,473.35,552.03,1984.36,27261.84,,34.77,,
2010,A2,20,958.98,439.7,491.79,1890.47,25947.38,,34.77,,
2010,A2,20,958.98,439.7,541.88,1940.56,26648.64,,34.77,,
2010,A2,19,958.98,417.25,482.21,1858.44,25498.96,,34.77,,
2010,A2,18,958.98,394.79,460.3,1814.07,24877.78,,34.77,,
2010,A2,17,958.98,372.33,458.57,1789.88,24539.12,,34.77,,
2010,A2,16,958.98,349.93,456.88,1765.79,24201.86,,34.77,,
2010,AP,14,548.47,305.01,438.98,1292.46,18094.44,,13.47,,
2010,AP,13,548.47,282.53,412.11,1243.11,17403.54,,13.47,,
2010,AP,12,548.47,260.07,410.41,1218.95,17065.3,,13.47,,
2010,AP,11,548.47,237.62,408.7,1194.79,16727.06,,13.47,,
2010,AP,10,548.47,215.19,407.02,1170.68,16389.52,,13.47,,
2010,AP,9,548.47,203.97,406.15,1158.59,16220.26,,13.47,,
2010,AP,8,548.47,192.71,405.32,1146.5,16051,,13.47,,
2010,C1,22,720.02,509.84,583.02,1812.88,25184.92,,26.31,,
2010,C1,21,720.02,473.35,513.34,1706.71,23698.54,,26.31,,
2010,C1,20,720.02,439.7,507.08,1666.8,23139.8,,26.31,,
2010,C1,19,720.02,417.25,498.5,1635.77,22705.38,,26.31,,
2010,C1,18,720.02,394.79,769.54,1884.35,26185.5,,26.31,,Sí
2010,C1,18,720.02,394.79,489.89,1604.7,22270.4,,26.31,,
2010,C1,17,720.02,372.33,468.01,1560.36,21649.64,,26.31,,
2010,C1,16,720.02,349.93,588.58,1658.53,23024.02,,26.31,,Sí
2010,C1,16,720.02,349.93,434.72,1504.67,20869.98,,26.31,,
2010,C1,16,720.02,349.93,459.38,1529.33,21215.22,,26.31,,
2010,C1,15,720.02,327.44,433.01,1480.47,20531.18,,26.31,,
2010,C1,14,720.02,305.01,431.33,1456.36,20193.64,,26.31,,
2010,C1,13,720.02,282.53,429.62,1432.17,19854.98,,26.31,,
2010,C1,12,720.02,260.07,427.92,1408.01,19516.74,,26.31,,
2010,C2,18,599.25,394.79,769.54,1763.58,24679.2,,17.9,,Sí
2010,C2,18,599.25,394.79,480.89,1474.93,20638.1,,17.9,,
2010,C2,17,599.25,372.33,477.06,1448.64,20270.04,,17.9,,
2010,C2,16,599.25,349.93,588.58,1537.76,21517.72,,17.9,,Sí
2010,C2,16,599.25,349.93,473.57,1422.75,19907.58,,17.9,,
2010,C2,15,599.25,327.44,468.98,1395.67,19528.46,,17.9,,
2010,C2,14,599.25,305.01,466.19,1370.45,19175.38,,17.9,,
2010,C2,13,599.25,282.53,417.13,1298.91,18173.82,,17.9,,
2010,C2,12,599.25,260.07,415.44,1274.76,17835.72,,17.9,,
2010,C2,11,599.25,237.62,413.74,1250.61,17497.62,,17.9,,
2010,C2,10,599.25,215.19,412.03,1226.47,17159.66,,17.9,,
2009,A1,30,1157.82,1016.67,2699.97,4874.46,67702.45,,44.51,,
2009,A1,30,1157.82,1016.67,2840.14,5014.63,69636.8,,44.51,,
2009,A1,29,1157.82,911.92,2664.97,4734.71,65752.95,,44.51,,
2009,A1,28,1157.82,873.58,2563.61,4595.01,63817.42,,44.51,,
2009,A1,27,1157.82,835.22,2161,4154.04,57724.36,,44.51,,
2009,A1,27,1157.82,835.22,2274.74,4267.78,59293.98,,44.51,,
2009,A1,27,1157.82,835.22,2401.85,4394.89,61048.09,,44.51,,
2009,A1,26,1157.82,732.74,2018.96,3909.52,54329.49,,44.51,,
2009,A1,25,1157.82,650.11,1946.57,3754.5,52173.69,,44.51,,
2009,A1,24,1157.82,611.76,1097.37,2866.95,39917.83,,44.51,,
2009,A1,24,1157.82,611.76,1190.81,2960.39,41207.3,,44.51,,
2009,A1,24,1157.82,611.76,1673.95,3443.53,47874.63,,44.51,,
2009,A1,24,1157.82,611.76,1844.96,3614.54,50234.57,,44.51,,
2009,A1,23,1157.82,573.43,948.98,2680.23,37333.43,,44.51,,
2009,A1,22,1157.82,535.06,613.7,2306.58,32169.38,,44.51,,
2009,A1,22,1157.82,535.06,763.22,2456.1,34232.76,,44.51,,
2009,A1,22,1157.82,535.06,866.01,2558.89,35651.26,,44.51,,
2009,A1,21,1157.82,496.76,581.08,2235.66,31183.03,,44.51,,
2009,A1,20,1157.82,461.45,505.09,2124.36,29640.03,,44.51,,
2009,A1,20,1157.82,461.45,570.39,2189.66,30541.17,,44.51,,
2009,A2,26,982.64,732.74,1744.39,3459.77,48087.91,,35.62,,
2009,A2,26,982.64,732.74,1837.82,3553.2,49377.24,,35.62,,
2009,A2,25,982.64,650.11,1683.19,3315.94,46086.53,,35.62,,
2009,A2,24,982.64,611.76,833.97,2428.37,33830.39,,35.62,,
2009,A2,24,982.64,611.76,945.34,2539.74,35367.3,,35.62,,
2009,A2,24,982.64,611.76,1398.61,2993.01,41622.42,,35.62,,
2009,A2,24,982.64,611.76,1581.56,3175.96,44147.13,,35.62,,
2009,A2,23,982.64,573.43,779.01,2335.08,32535.32,,35.62,,
2009,A2,22,982.64,535.06,613.7,2131.4,29716.86,,35.62,,
2009,A2,22,982.64,535.06,677.39,2195.09,30595.79,,35.62,,
2009,A2,21,982.64,496.76,581.08,2060.48,28730.51,,35.62,,
2009,A2,20,982.64,461.45,517.67,1961.76,27361.11,,35.62,,
2009,A2,20,982.64,461.45,570.39,2014.48,28088.65,,35.62,,
2009,A2,19,982.64,437.89,507.58,1928.11,26892.03,,35.62,,
2009,A2,18,982.64,414.31,484.52,1881.47,26243.68,,35.62,,
2009,A2,17,982.64,390.74,482.7,1856.08,25888.58,,35.62,,
2009,A2,16,982.64,367.23,480.92,1830.79,25534.88,,35.62,,
2009,AP,14,546.82,320.09,462.08,1328.99,18513.45,,13.42,,
2009,AP,13,546.82,296.5,433.8,1277.12,17792.92,,13.42,,
2009,AP,12,546.82,272.93,432.01,1251.76,17438.24,,13.42,,
2009,AP,11,546.82,249.37,430.21,1226.4,17083.56,,13.42,,
2009,AP,10,546.82,225.83,428.44,1201.09,16729.58,,13.42,,
2009,AP,9,546.82,214.05,427.52,1188.39,16551.96,,13.42,,
2009,AP,8,546.82,202.24,426.65,1175.71,16374.61,,13.42,,
2009,C1,22,732.51,535.06,613.7,1881.27,26215.04,,26.75,,
2009,C1,21,732.51,496.76,540.35,1769.62,24666.61,,26.75,,
2009,C1,20,732.51,461.45,533.76,1727.72,24081.33,,26.75,,
2009,C1,19,732.51,437.89,524.73,1695.13,23626.88,,26.75,,
2009,C1,18,,,,,,,,,Sí
2009,C1,18,732.51,414.31,515.67,1662.49,23171.73,,26.75,,
2009,C1,17,732.51,390.74,492.64,1615.89,22523.94,,26.75,,
2009,C1,16,,,,,,,,,Sí
2009,C1,16,732.51,367.23,457.6,1557.34,21711.24,,26.75,,
2009,C1,16,732.51,367.23,483.55,1583.29,22069.35,,26.75,,
2009,C1,15,732.51,343.63,455.8,1531.94,21356,,26.75,,
2009,C1,14,732.51,320.09,454.03,1506.63,21002.02,,26.75,,
2009,C1,13,732.51,296.5,452.23,1481.24,20646.92,,26.75,,
2009,C1,12,732.51,272.93,450.44,1455.88,20292.24,,26.75,,
2009,C2,18,,,,,,,,,Sí
2009,C2,18,598.95,414.31,506.19,1519.45,21171.07,,17.88,,
2009,C2,17,598.95,390.74,502.16,1491.85,20785.47,,17.88,,
2009,C2,16,,,,,,,,,Sí
2009,C2,16,598.95,390.74,502.16,1464.67,20405.69,,17.88,,
2009,C2,15,598.95,390.74,502.16,1436.24,20008.63,,17.88,,
2009,C2,14,598.95,367.23,498.49,1409.76,19638.5,,17.88,,
2009,C2,13,598.95,343.63,493.66,1334.53,18595.61,,17.88,,
2009,C2,12,598.95,296.5,439.08,1309.18,18241.06,,17.88,,
2009,C2,11,598.95,272.93,437.3,1283.83,17886.52,,17.88,,
2009,C2,10,598.95,249.37,435.51,1258.49,17532.12,,17.88,,
2008,A1,30,1135.11,996.73,2647.02,4778.86,64257.02,,43.63,,
2008,A1,30,1135.11,996.73,2784.45,4916.29,66043.62,,43.63,,
2008,A1,29,1135.11,894.03,2612.71,4641.85,62373.2,,43.63,,
2008,A1,28,1135.11,856.45,2513.34,4504.9,60555.26,,43.63,,
2008,A1,27,1135.11,818.84,2118.62,4072.57,54897.36,,43.63,,
2008,A1,27,1135.11,818.84,2230.13,4184.08,56347,,43.63,,
2008,A1,27,1135.11,818.84,2354.75,4308.7,57967.06,,43.63,,
2008,A1,26,1135.11,718.37,1979.37,3832.85,51680.54,,43.63,,
2008,A1,25,1135.11,637.36,1908.4,3680.87,49623.78,,43.63,,
2008,A1,24,1135.11,599.76,1075.85,2810.72,38274.24,,43.63,,
2008,A1,24,1135.11,599.76,1167.46,2902.33,39465.16,,43.63,,
2008,A1,24,1135.11,599.76,1641.12,3375.99,45622.74,,43.63,,
2008,A1,24,1135.11,599.76,1808.78,3543.65,47802.32,,43.63,,
2008,A1,23,1135.11,562.18,930.37,2627.66,35856.88,,43.63,,
2008,A1,22,1135.11,524.56,601.66,2261.33,31056.96,,43.63,,
2008,A1,22,1135.11,524.56,748.25,2407.92,32962.64,,43.63,,
2008,A1,22,1135.11,524.56,849.02,2508.69,34272.64,,43.63,,
2008,A1,21,1135.11,487.01,569.68,2191.8,30115.52,,43.63,,
2008,A1,20,1135.11,452.4,495.18,2082.69,28662.48,,43.63,,
2008,A1,20,1135.11,452.4,559.2,2146.71,29494.74,,43.63,,
2008,A2,26,963.37,718.37,1710.18,3391.92,45776.7,,34.92,,
2008,A2,26,963.37,718.37,1801.78,3483.52,46967.5,,34.92,,
2008,A2,25,963.37,637.36,1650.18,3250.91,43862.56,,34.92,,
2008,A2,24,963.37,599.76,817.61,2380.74,32512.76,,34.92,,
2008,A2,24,963.37,599.76,926.8,2489.93,33932.22,,34.92,,
2008,A2,24,963.37,599.76,1371.18,2934.31,39709.16,,34.92,,
2008,A2,24,963.37,599.76,1550.54,3113.67,42040.84,,34.92,,
2008,A2,23,963.37,562.18,763.73,2289.28,31286.2,,34.92,,
2008,A2,22,963.37,524.56,601.66,2089.59,28652.6,,34.92,,
2008,A2,22,963.37,524.56,664.1,2152.03,29464.32,,34.92,,
2008,A2,21,963.37,487.01,569.68,2020.06,27711.16,,34.92,,
2008,A2,20,963.37,452.4,507.51,1923.28,26418.42,,34.92,,
2008,A2,20,963.37,452.4,559.2,1974.97,27090.38,,34.92,,
2008,A2,19,963.37,429.3,497.62,1890.29,25966.44,,34.92,,
2008,A2,18,963.37,406.18,475.01,1844.56,25348.84,,34.92,,
2008,A2,17,963.37,383.07,473.23,1819.67,25002.16,,34.92,,
2008,A2,16,963.37,360.02,471.49,1794.88,24656.84,,34.92,,
2008,AP,14,536.09,313.81,453.01,1302.91,17787.74,,13.15,,
2008,AP,13,536.09,290.68,425.29,1252.06,17103.56,,13.15,,
2008,AP,12,536.09,267.57,423.53,1227.19,16757.14,,13.15,,
2008,AP,11,536.09,244.48,421.77,1202.34,16411,,13.15,,
2008,AP,10,536.09,221.4,420.03,1177.52,16065.26,,13.15,,
2008,AP,9,536.09,209.85,419.13,1165.07,15891.86,,13.15,,
2008,AP,8,536.09,198.27,418.28,1152.64,15718.68,,13.15,,
2008,C1,22,718.14,524.56,601.66,1844.36,25219.38,,26.22,,
2008,C1,21,718.14,487.01,529.75,1734.9,23758.86,,26.22,,
2008,C1,20,718.14,452.4,523.29,1693.83,23190.34,,26.22,,
2008,C1,19,718.14,429.3,514.44,1661.88,22751.88,,26.22,,
2008,C1,18,718.14,406.18,794.15,1918.47,26064.44,,26.22,,Sí
2008,C1,18,718.14,406.18,505.55,1629.87,22312.64,,26.22,,
2008,C1,17,718.14,383.07,482.98,1584.19,21695.68,,26.22,,
2008,C1,16,718.14,360.02,607.4,1685.56,22990.44,,26.22,,Sí
2008,C1,16,718.14,360.02,448.62,1526.78,20926.3,,26.22,,
2008,C1,16,718.14,360.02,474.06,1552.22,21257.02,,26.22,,
2008,C1,15,718.14,336.89,446.86,1501.89,20579.6,,26.22,,
2008,C1,14,718.14,313.81,445.12,1477.07,20233.86,,26.22,,
2008,C1,13,718.14,290.68,443.36,1452.18,19887.16,,26.22,,
2008,C1,12,718.14,267.57,441.6,1427.31,19540.74,,26.22,,
2008,C2,18,587.2,406.18,794.15,1787.53,24231.28,,17.52,,Sí
2008,C2,18,587.2,406.18,496.26,1489.64,20358.7,,17.52,,
2008,C2,17,587.2,383.07,492.31,1462.58,19983.82,,17.52,,
2008,C2,16,587.2,360.02,607.4,1554.62,21157.28,,17.52,,Sí
2008,C2,16,587.2,360.02,488.71,1435.93,19614.32,,17.52,,
2008,C2,15,587.2,336.89,483.98,1408.07,19229,,17.52,,
2008,C2,14,587.2,313.81,481.09,1382.1,18868.32,,17.52,,
2008,C2,13,587.2,290.68,430.47,1308.35,17886.44,,17.52,,
2008,C2,12,587.2,267.57,428.72,1283.49,17540.14,,17.52,,
2008,C2,11,587.2,244.48,426.97,1258.65,17194.14,,17.52,,
2008,C2,10,587.2,221.4,425.2,1233.8,16848,,17.52,,
2007,A1,30,1112.85,977.18,2587.5,4677.53,61604.18,,42.77,,
2007,A1,30,1112.85,977.18,2721.84,4811.87,63283.42,,42.77,,
2007,A1,29,1112.85,876.5,2553.96,4543.31,59775.4,,42.77,,
2007,A1,28,1112.85,839.65,2456.83,4409.33,58045.38,,42.77,,
2007,A1,27,1112.85,802.78,2070.98,3986.61,52706.08,,42.77,,
2007,A1,27,1112.85,802.78,2179.99,4095.62,54068.7,,42.77,,
2007,A1,27,1112.85,802.78,2301.8,4217.43,55591.32,,42.77,,
2007,A1,26,1112.85,704.28,1934.86,3751.99,49625.58,,42.77,,
2007,A1,25,1112.85,624.86,1865.49,3603.2,47646.58,,42.77,,
2007,A1,24,1112.85,588,1051.66,2752.51,36957.66,,42.77,,
2007,A1,24,1112.85,588,1141.21,2842.06,38077.04,,42.77,,
2007,A1,24,1112.85,588,1604.22,3305.07,43864.66,,42.77,,
2007,A1,24,1112.85,588,1768.11,3468.96,45913.28,,42.77,,
2007,A1,23,1112.85,551.15,909.45,2573.45,34664.14,,42.77,,
2007,A1,22,1112.85,514.27,588.13,2215.25,30131.32,,42.77,,
2007,A1,22,1112.85,514.27,731.42,2358.54,31922.44,,42.77,,
2007,A1,22,1112.85,514.27,829.93,2457.05,33153.82,,42.77,,
2007,A1,21,1112.85,477.46,556.87,2147.18,29225.22,,42.77,,
2007,A1,20,1112.85,443.52,484.04,2040.41,27839.68,,42.77,,
2007,A1,20,1112.85,443.52,546.62,2102.99,28621.94,,42.77,,
2007,A2,26,944.48,704.28,1671.73,3320.49,43979.28,,34.23,,
2007,A2,26,944.48,704.28,1761.27,3410.03,45098.52,,34.23,,
2007,A2,25,944.48,624.86,1613.07,3182.41,42134.14,,34.23,,
2007,A2,24,944.48,588,799.22,2331.7,31444.98,,34.23,,
2007,A2,24,944.48,588,905.96,2438.44,32779.22,,34.23,,
2007,A2,24,944.48,588,1340.35,2872.83,38209.1,,34.23,,
2007,A2,24,944.48,588,1515.67,3048.15,40400.6,,34.23,,
2007,A2,23,944.48,551.15,746.55,2242.18,30270.7,,34.23,,
2007,A2,22,944.48,514.27,588.13,2046.88,27774.14,,34.23,,
2007,A2,22,944.48,514.27,649.16,2107.91,28537,,34.23,,
2007,A2,21,944.48,477.46,556.87,1978.81,26868.04,,34.23,,
2007,A2,20,944.48,443.52,496.09,1884.09,25633.14,,34.23,,
2007,A2,20,944.48,443.52,546.62,1934.62,26264.76,,34.23,,
2007,A2,19,944.48,420.88,486.43,1851.79,25195.42,,34.23,,
2007,A2,18,944.48,398.21,464.33,1807.02,24601.8,,34.23,,
2007,A2,17,944.48,375.55,462.59,1782.62,24262.8,,34.23,,
2007,A2,16,944.48,352.96,460.88,1758.32,23925.16,,34.23,,
2007,AP,14,525.57,307.65,442.82,1276.04,17200.34,,12.89,,
2007,AP,13,525.57,284.98,415.72,1226.27,16544.2,,12.89,,
2007,AP,12,525.57,262.32,414,1201.89,16205.46,,12.89,,
2007,AP,11,525.57,239.68,412.28,1177.53,15867,,12.89,,
2007,AP,10,525.57,217.05,410.58,1153.2,15528.94,,12.89,,
2007,AP,9,525.57,205.73,409.7,1141,15359.46,,12.89,,
2007,AP,8,525.57,194.38,408.87,1128.82,15190.18,,12.89,,
2007,C1,22,704.05,514.27,588.13,1806.45,24408.12,,25.7,,
2007,C1,21,704.05,477.46,517.83,1699.34,23014.02,,25.7,,
2007,C1,20,704.05,443.52,511.52,1659.09,22459.98,,25.7,,
2007,C1,19,704.05,420.88,502.87,1627.8,22034.9,,25.7,,
2007,C1,18,704.05,398.21,776.29,1878.55,25135.28,,25.7,,Sí
2007,C1,18,704.05,398.21,494.18,1596.44,21608.9,,25.7,,
2007,C1,17,704.05,375.55,472.12,1551.72,21015.9,,25.7,,
2007,C1,16,704.05,352.96,593.74,1650.75,22219.9,,25.7,,Sí
2007,C1,16,704.05,352.96,438.53,1495.54,20279.78,,25.7,,
2007,C1,16,704.05,352.96,463.4,1520.41,20590.64,,25.7,,
2007,C1,15,704.05,330.28,436.81,1471.14,19940.76,,25.7,,
2007,C1,14,704.05,307.65,435.11,1446.81,19602.68,,25.7,,
2007,C1,13,704.05,284.98,433.39,1422.42,19263.8,,25.7,,
2007,C1,12,704.05,262.32,431.67,1398.04,18925.06,,25.7,,
2007,C2,18,575.68,398.21,776.29,1750.18,23338.1,,17.17,,Sí
2007,C2,18,575.68,398.21,485.1,1458.99,19698.22,,17.17,,
2007,C2,17,575.68,375.55,481.24,1432.47,19332.72,,17.17,,
2007,C2,16,575.68,352.96,593.74,1522.38,20422.72,,17.17,,Sí
2007,C2,16,575.68,352.96,477.72,1406.36,18972.46,,17.17,,
2007,C2,15,575.68,330.28,473.09,1379.05,18597.08,,17.17,,
2007,C2,14,575.68,307.65,470.27,1353.6,18245,,17.17,,
2007,C2,13,575.68,284.98,420.79,1281.45,17309.12,,17.17,,
2007,C2,12,575.68,262.32,419.08,1257.08,16970.5,,17.17,,
2007,C2,11,575.68,239.68,417.37,1232.73,16632.18,,17.17,,
2007,C2,10,575.68,217.05,415.64,1208.37,16293.72,,17.17,,
